BillNo,AQUA MINERAL WATER 600ML,AQUA MINERAL WATER 1500ML,CHICKEN BREAST BONELESS KG,SUNPRIDE PISANG CAVENDISH,FRUIT CUT 30K,RTE-P CHICKEN YAKITORI,RTE SALAD BUFFET PEPITO,BCC CAPPUCCINO,BCC ALMOND CROISSANT,BCC DONUT SPRINKLE
7C20020026848,False,False,False,False,False,False,True,False,False,False
7C20020026851,False,False,False,True,False,False,False,False,False,False
7C20020026855,False,False,False,True,False,False,False,False,False,False
7C20020026872,False,False,True,False,False,False,False,False,False,False
7C20020026875,False,False,False,True,False,False,False,False,False,False
7C20020026883,False,False,False,True,True,False,False,False,False,False
7C20020026886,False,False,False,False,False,True,False,False,False,False
7C20020026888,True,True,False,False,False,False,False,False,False,False
7C20020026894,False,False,False,False,True,False,False,False,False,False
7C20020026896,False,False,False,True,False,False,False,False,False,False
7C20020026902,False,False,False,True,False,False,False,False,False,False
7C20020026904,True,False,False,False,False,False,False,False,False,False
7C20020026906,False,False,False,False,False,False,True,False,False,False
7C20020026911,True,False,False,False,False,False,False,False,False,False
7C20020026915,False,False,False,True,False,False,False,False,False,False
7C20020026916,False,False,False,False,False,False,True,False,False,False
7C20020026917,False,False,False,False,False,True,False,False,False,False
7C20020026921,False,False,False,False,True,False,False,False,False,False
7C20020026932,False,False,False,False,False,False,True,False,False,False
7C20020026935,False,False,False,False,False,False,True,False,False,False
7C20020026936,False,False,False,True,False,False,False,False,False,False
7C20020026937,False,False,False,False,False,True,False,False,False,False
7C20020026940,False,False,False,False,False,False,True,False,False,False
7C20020026944,False,False,False,False,False,True,True,False,False,False
7C20020026948,False,False,False,False,False,True,False,False,False,False
7C20020026953,False,False,False,False,False,True,False,False,False,False
7C20020026956,False,False,False,False,True,False,False,False,False,False
7C20020026957,True,True,False,False,False,False,False,False,False,False
7C20020026961,False,False,True,False,False,False,False,False,False,False
7C20020026963,False,True,False,False,False,False,False,False,False,False
7C20020026967,False,False,False,False,False,False,True,False,False,False
7C20020026968,False,False,True,False,False,False,False,False,False,False
7C20020026970,False,False,False,False,True,False,False,False,False,False
7C20020026973,False,False,False,False,False,False,True,False,False,False
7C20020026979,False,False,False,False,False,False,True,False,False,False
7C20020026981,False,False,False,False,True,False,True,False,False,False
7C20020026983,False,False,False,False,False,True,False,False,False,False
7C20020026984,True,False,False,False,False,False,False,False,False,False
7C20020026985,False,False,False,False,False,False,True,False,False,False
7C20020026986,False,False,False,False,False,False,True,False,False,False
7C20020026988,False,False,False,False,False,False,True,False,False,False
7C20020026989,True,False,False,False,True,False,False,False,False,False
7C20020026991,False,False,False,False,False,False,True,False,False,False
7C20020026993,False,False,False,False,False,False,True,False,False,False
7C20020026994,False,False,False,False,False,False,True,False,False,False
7C20020026995,False,False,False,False,False,False,True,False,False,False
7C20020026999,False,True,False,False,False,False,False,False,False,False
7C20020027000,False,False,False,True,False,False,False,False,False,False
7C20020027004,False,False,False,False,False,False,True,False,False,False
7C20020027006,False,False,False,True,True,False,False,False,False,False
7C20020027008,False,False,False,False,False,False,True,False,False,False
7C20020027009,False,False,False,False,False,False,True,False,False,False
7C20020027015,False,False,False,False,False,False,True,False,False,False
7C20020027019,False,False,False,False,False,False,True,False,False,False
7C20020027020,False,False,False,False,False,False,True,False,False,False
7C20020027029,False,False,False,False,False,False,True,False,False,False
7C20020027033,False,False,False,False,False,True,False,False,False,False
7C20020027035,False,False,False,False,False,True,False,False,False,False
7C20020027049,False,True,False,False,False,False,False,False,False,False
7C20020027053,False,False,False,True,False,False,False,False,False,False
7C20020027056,False,False,False,True,False,False,False,False,False,False
7C20020027057,False,False,True,True,False,False,False,False,False,False
7C20020027063,False,False,False,False,False,False,True,False,False,False
7C20020027067,False,False,False,False,False,False,True,False,False,True
7C20020027068,False,False,False,False,False,True,False,False,False,False
7C20020027078,False,True,False,False,False,False,False,False,False,False
7C20020027081,False,False,False,False,False,False,True,False,False,False
7C20020027085,True,False,False,False,True,False,True,False,False,False
7C20020027095,False,False,True,False,False,False,False,False,False,False
7C20020027099,True,False,False,False,False,False,False,False,False,False
7C20020027104,False,False,False,False,True,False,True,False,False,False
7C20020027106,False,False,False,True,False,False,False,False,False,False
7C20020027116,False,True,False,False,False,False,False,False,False,False
7C20020027118,False,False,False,False,False,False,True,False,False,False
7C20020027120,True,False,False,False,False,False,False,False,False,False
7C20020027126,False,False,False,False,True,False,False,False,False,False
7C20020027127,False,False,False,False,True,False,False,False,False,False
7C20020027129,False,True,False,False,True,False,False,False,False,False
7C20020027137,False,False,False,False,False,True,False,False,False,False
7C20020027138,False,False,False,False,True,False,False,False,False,False
7C20020027141,False,False,True,False,False,False,False,False,False,False
7C20020027145,False,False,False,True,False,False,False,False,False,False
7C20020027149,False,False,False,False,True,False,False,False,False,False
7C20020027160,False,False,False,True,False,False,False,False,False,False
7C20020027161,True,False,False,False,True,False,False,False,False,False
7C20020027162,True,False,False,False,False,False,False,False,False,False
7C20020027163,False,False,False,False,False,False,True,False,False,False
7C20020027164,False,False,False,False,True,True,False,False,False,False
7C20020027165,False,False,False,False,False,True,True,False,False,False
7C20020027166,False,False,False,False,False,False,True,False,False,False
7C20020027169,False,False,False,False,True,True,True,False,False,False
7C20020027170,False,False,False,False,False,False,True,False,False,False
7C20020027171,False,False,False,False,False,False,True,False,False,False
7C20020027172,False,False,False,False,False,True,True,False,False,False
7C20020027173,False,False,False,False,False,False,True,False,False,False
7C20020027174,False,False,False,False,False,False,True,False,False,False
7C20020027175,False,False,False,False,False,False,True,False,False,False
7C20020027177,False,True,False,False,False,False,False,False,False,False
7C20020027181,False,False,False,False,False,False,True,False,False,False
7C20020027182,False,False,False,False,False,False,True,False,False,False
7C20020027183,False,False,False,False,False,False,True,False,False,False
7C20020027186,False,False,False,False,False,False,True,False,False,False
7C20020027189,False,True,False,False,False,False,False,False,False,False
7C20020027191,False,False,False,False,True,False,False,False,False,False
7C20020027192,False,True,False,False,True,False,False,False,False,False
7C20020027196,False,False,False,True,False,True,False,False,False,False
7C20020027201,False,False,False,True,False,False,False,False,False,False
7C20020027208,False,False,False,False,True,False,False,False,False,False
7C20020027210,False,False,False,False,True,False,True,False,False,False
7C20020027211,False,False,False,False,False,False,True,False,False,False
7C20020027213,False,False,False,True,False,False,False,False,False,False
7C20020027216,False,True,False,False,False,False,False,False,False,False
7C20020027230,False,False,False,False,False,False,True,False,False,False
7C20020027231,False,False,True,False,False,False,False,False,False,False
7C20020027253,True,False,False,False,True,True,True,False,False,False
7C20020027255,False,False,False,False,False,False,True,False,False,False
7C20020027262,True,False,False,False,False,False,False,False,False,False
7C20020027266,False,False,False,False,True,False,True,False,False,False
7C20020027267,False,False,False,False,False,False,True,False,False,False
7C20020027268,False,False,False,False,False,False,True,False,False,False
7C20020027272,False,False,False,False,False,True,False,False,False,False
7C20020027273,False,False,False,True,False,False,False,False,False,False
7C20020027279,False,False,False,False,False,False,True,False,False,False
7C20020027280,False,False,False,False,False,False,True,False,False,False
7C20020027281,False,False,False,False,False,False,True,False,False,False
7C20020027283,False,False,False,True,False,False,False,False,False,False
7C20020027287,False,False,False,False,False,False,True,False,False,False
7C20020027291,False,False,False,False,False,False,True,False,False,False
7C20020027292,False,False,False,False,True,True,False,False,False,False
7C20020027293,False,False,False,False,False,False,True,False,False,False
7C20020027294,False,False,False,False,True,False,False,False,False,False
7C20020027295,False,False,True,False,False,False,True,False,False,False
7C20020027296,False,False,False,False,True,False,False,False,False,False
7C20020027297,False,False,False,True,False,False,False,False,False,False
7C20020027303,False,False,False,False,False,False,True,False,False,False
7C20020027304,False,False,False,False,True,False,False,False,False,False
7C20020027306,False,False,False,False,True,False,False,False,False,False
7C20020027307,False,False,False,False,False,False,True,False,False,False
7C20020027309,False,False,False,True,False,False,False,False,False,False
7C20020027310,False,True,False,True,False,False,False,False,False,False
7C20020027318,False,False,False,False,False,True,True,False,False,False
7C20020027319,False,False,False,True,False,False,False,False,False,False
7C20020027333,False,False,True,False,False,False,False,False,False,False
7C20020027334,False,False,False,False,False,False,True,False,False,False
7C20020027339,False,False,False,False,True,True,True,False,False,False
7C20020027343,False,False,True,False,False,False,False,False,False,False
7C20020027347,False,True,False,False,False,False,False,False,False,False
7C20020027354,False,False,False,True,False,False,False,False,False,False
7C20020027357,False,False,False,True,True,False,False,False,False,False
7C20020027358,False,False,False,True,True,False,False,False,False,False
7C20020027370,False,False,False,True,False,False,False,False,False,False
7C20020027375,False,False,False,True,False,False,False,False,False,False
7C20020027379,False,False,False,True,False,False,False,False,False,False
7C20020027384,False,False,False,False,True,False,False,False,False,False
7C20020027385,False,False,False,False,False,False,True,False,False,False
7C20020027388,False,False,False,False,False,True,False,False,False,False
7C20020027389,False,False,False,False,False,True,True,False,False,False
7C20020027390,False,False,False,False,False,False,True,False,False,False
7C20020027392,False,False,False,True,True,False,False,False,False,False
7C20020027393,False,False,False,False,False,False,True,False,False,False
7C20020027394,False,False,False,False,False,False,True,False,False,False
7C20020027395,False,False,False,False,False,False,True,False,False,False
7C20020027397,False,False,False,False,False,True,False,False,False,False
7C20020027398,False,False,False,False,True,False,False,False,False,False
7C20020027399,False,False,False,False,False,False,False,False,True,False
7C20020027403,False,False,False,True,False,False,False,False,False,False
7C20020027405,False,False,False,False,False,False,True,False,False,False
7C20020027408,False,False,False,True,False,False,False,False,False,False
7C20020027409,False,False,False,False,True,False,False,False,False,False
7C20020027411,False,False,True,False,False,False,False,False,False,False
7C20020027413,False,True,False,False,False,False,False,False,False,False
7C20020027414,False,False,False,False,True,False,False,False,False,False
7C20020027421,False,False,False,False,True,False,False,False,False,False
7C20020027428,True,False,False,False,False,True,False,False,False,False
7C20020027433,False,False,True,False,False,False,False,False,False,False
7C20020027435,False,True,False,False,False,False,False,False,False,False
7C20020027439,True,False,False,True,False,False,False,False,False,False
7C20020027441,False,False,False,True,False,False,False,False,False,False
7C20020027449,False,False,False,True,False,False,False,False,False,False
7C20020027454,False,False,False,True,False,False,False,False,False,False
7C20020027455,False,False,False,True,False,False,False,False,False,False
7C20020027458,False,False,False,False,False,True,True,False,False,False
7C20020027460,False,False,False,False,False,False,True,False,False,False
7C20020027461,False,False,False,False,False,True,True,False,False,False
7C20020027462,False,False,False,False,False,False,True,False,False,False
7C20020027470,False,False,True,False,False,False,False,False,False,False
7C20020027471,False,False,False,True,False,False,False,False,False,False
7C20020027479,False,False,False,False,False,False,True,False,False,False
7C20020027481,False,True,False,False,False,False,False,False,False,False
7C20020027483,True,False,False,False,False,False,False,False,False,False
7C20020027492,False,False,False,False,False,False,True,False,False,False
7C20020027494,False,False,False,True,False,False,False,False,False,False
7C20020027495,False,False,False,False,True,False,False,False,False,False
7C20020027506,False,False,False,False,False,False,True,False,False,False
7C20020027507,False,False,False,False,False,True,False,False,False,False
7C20020027508,False,True,False,True,False,False,False,False,False,False
7C20020027509,False,False,False,False,False,False,True,False,False,False
7C20020027510,False,True,False,False,True,False,False,False,False,False
7C20020027511,False,False,False,False,False,False,True,False,False,False
7C20020027512,False,False,False,False,True,True,True,False,False,False
7C20020027518,False,True,False,False,False,False,False,False,False,False
7C20020027521,False,False,False,False,True,False,False,False,False,False
7C20020027522,False,False,False,True,False,False,False,False,False,False
7C20020027529,True,False,False,False,False,False,False,False,False,False
7C20020027531,False,False,False,True,True,False,False,False,False,False
7C20020027540,False,False,False,True,False,False,False,False,False,False
7C20020027547,False,False,False,False,False,False,True,False,False,False
7C20020027548,False,False,False,False,False,True,True,False,False,False
7C20020027559,False,False,False,True,False,False,False,False,False,False
7C20020027562,False,False,True,False,False,False,False,False,False,False
7C20020027567,False,False,False,True,False,False,False,False,False,False
7C20020027568,False,False,False,False,False,True,False,False,False,False
7C20020027571,False,False,False,False,False,False,True,False,False,False
7C20020027572,False,False,False,False,False,False,True,False,False,False
7C20020027579,False,False,False,False,False,True,False,False,False,False
7C20020027582,False,False,False,True,False,False,False,False,False,False
7C20020027583,False,False,False,True,False,False,False,False,False,False
7C20020027585,False,False,False,False,False,True,False,False,False,False
7C20020027587,False,False,False,True,True,False,False,False,False,False
7C20020027589,False,False,False,False,False,False,True,False,False,False
7C20020027590,False,False,False,False,False,True,True,False,False,False
7C20020027591,False,False,False,False,False,True,False,False,False,False
7C20020027592,False,False,False,False,False,True,False,False,False,False
7C20020027593,True,False,False,False,False,False,False,False,False,False
7C20020027596,False,False,False,False,False,False,True,False,False,False
7C20020027598,False,False,False,False,True,False,False,False,False,False
7C20020027600,False,True,False,False,True,False,False,False,False,False
7C20020027601,True,False,False,False,False,False,False,False,False,False
7C20020027604,False,False,False,True,False,False,False,False,False,False
7C20020027605,False,False,False,True,False,False,False,False,False,False
7C20020027614,False,False,True,False,False,False,False,False,False,False
7C20020027615,False,False,False,False,True,False,False,False,False,False
7C20020027617,False,False,False,False,False,True,False,False,False,False
7C20020027621,False,False,True,False,False,False,False,False,False,False
7C20020027625,True,False,False,False,False,False,False,False,False,False
7C20020027626,False,False,False,False,False,False,True,False,False,False
7C20020027629,False,False,True,False,False,False,True,False,False,False
7C20020027633,False,True,False,False,False,False,False,False,False,False
7C20020027649,False,False,False,False,False,True,True,False,False,False
7C20020027652,False,False,False,True,False,False,False,False,False,False
7C20020027653,False,False,False,False,False,False,True,False,False,False
7C20020027663,False,False,False,True,False,False,False,False,False,False
7C20020027670,False,False,False,False,False,False,True,False,False,False
7C20020027675,False,False,False,False,False,False,True,False,False,False
7C20020027685,False,False,True,False,False,False,False,False,False,False
7C20020027697,False,False,False,False,False,False,True,False,False,False
7C20020027698,True,False,False,False,False,False,False,False,False,False
7C20020027701,False,False,True,False,False,False,False,False,False,False
7C20020027704,False,False,False,True,False,False,False,False,False,False
7C20020027715,False,False,False,True,False,False,False,False,False,False
7C20020027720,False,False,False,True,False,False,False,False,False,False
7C20020027726,False,False,False,False,False,False,True,False,False,False
7C20020027731,False,False,False,False,False,True,False,False,False,False
7C20020027732,False,False,False,False,True,False,False,False,False,False
7C20020027736,False,False,False,True,False,False,False,False,False,False
7C20020027738,False,True,False,False,False,False,False,False,False,False
7C20020027742,False,True,False,False,False,False,False,False,False,False
7C20020027744,False,True,False,False,False,False,False,False,False,False
7C20020027745,False,False,True,False,False,False,False,False,False,False
7C20020027747,False,False,False,False,False,False,True,False,False,False
7C20020027753,False,False,True,False,False,True,False,False,False,False
7C20020027755,True,False,False,False,False,False,False,False,False,False
7C20020027764,False,False,False,True,False,False,False,False,False,False
7C20020027767,False,False,False,True,False,False,False,False,False,False
7C20020027770,False,False,False,True,False,False,False,False,False,False
7C20020027771,False,False,False,False,False,False,True,False,False,False
7C20020027775,False,False,False,False,True,False,False,False,False,False
7C20020027779,False,False,False,True,False,False,False,False,False,False
7C20020027783,False,True,False,False,False,False,False,False,False,False
7C20020027786,False,False,True,False,False,False,False,False,False,False
7C20020027790,False,False,True,False,False,False,False,False,False,False
7C20020027801,False,False,False,True,False,False,False,False,False,False
7C20020027802,False,False,False,False,True,True,False,False,False,False
7C20020027804,False,False,False,False,False,True,False,False,False,False
7C20020027808,False,False,False,True,False,False,False,False,False,False
7C20020027818,False,False,False,False,False,False,True,False,False,False
7C20020027820,False,False,False,False,False,True,False,False,False,False
7C20020027821,False,False,False,False,False,False,True,False,False,False
7C20020027822,False,False,False,False,False,True,True,False,False,False
7C20020027824,False,False,False,False,False,False,True,False,False,False
7C20020027827,False,False,False,False,False,False,True,False,False,False
7C20020027829,False,False,False,False,True,False,False,False,False,False
7C20020027830,False,False,False,False,False,False,True,False,False,False
7C20020027831,False,False,False,False,False,True,False,False,False,False
7C20020027832,False,False,False,True,False,False,True,False,False,False
7C20020027833,True,False,False,False,False,False,False,False,False,False
7C20020027834,False,False,False,False,False,False,True,False,False,False
7C20020027835,False,False,False,False,False,True,False,False,False,False
7C20020027840,False,False,False,True,False,False,False,False,False,False
7C20020027845,False,False,False,False,False,False,True,False,False,False
7C20020027846,False,False,False,False,False,False,True,False,False,False
7C20020027847,False,False,False,False,False,True,False,False,False,False
7C20020027848,False,False,True,False,False,False,True,False,False,False
7C20020027861,False,True,False,False,False,False,False,False,False,False
7C20020027865,True,False,False,False,False,False,False,False,False,False
7C20020027866,False,False,False,False,False,False,True,False,False,False
7C20020027867,False,False,False,True,False,False,False,False,False,False
7C20020027870,False,False,False,False,False,False,True,False,False,False
7C20020027871,False,False,False,False,False,True,False,False,False,False
7C20020027875,False,False,False,False,False,False,True,False,False,False
7C20020027879,False,False,False,True,False,False,False,False,False,False
7C20020027883,False,False,True,False,False,False,False,False,False,False
7C20020027884,False,True,False,False,False,False,False,False,False,False
7C20020027897,False,False,False,False,False,False,True,False,False,False
7C20020027899,False,True,False,False,False,False,False,False,False,False
7C20020027903,False,True,False,True,False,False,False,False,False,False
7C20020027907,False,True,False,False,False,False,False,False,False,False
7C20020027921,True,False,False,False,False,False,False,False,False,False
7C20020027922,False,False,False,True,False,False,False,False,False,False
7C20020027931,False,False,False,True,False,False,False,False,False,False
7C20020027939,False,True,False,True,False,False,False,False,False,False
7C20020027944,False,False,False,True,False,False,False,False,False,False
7C20020027949,False,True,False,False,False,False,False,False,False,False
7C20020027953,False,True,False,True,False,False,False,False,False,False
7C20020027955,False,False,False,True,True,False,False,False,False,False
7C20020027957,False,True,False,False,False,False,False,False,False,False
7C20020027968,False,False,False,False,False,False,True,False,False,False
7C20020027970,False,False,True,False,False,False,False,False,False,False
7C20020027971,False,False,False,False,True,False,True,False,False,False
7C20020027972,False,False,False,True,False,False,False,False,False,False
7C20020027976,False,False,False,True,False,False,False,False,False,False
7C20020027977,False,False,False,True,False,False,False,False,False,False
7C20020027978,False,False,False,True,False,False,False,False,False,False
7C20020027979,False,False,False,True,False,False,False,False,False,False
7C20020027981,False,False,False,True,False,False,False,False,False,False
7C20020027982,False,False,False,True,False,False,False,False,False,False
7C20020027984,False,True,False,False,False,False,False,False,False,False
7C20020027985,False,False,False,True,False,False,False,False,False,False
7C20020027987,False,True,False,False,False,False,False,False,False,False
7C20020027988,False,False,False,False,False,True,False,False,False,False
7C20020027991,False,False,False,False,True,False,False,False,False,False
7C20020028001,False,False,False,False,True,False,False,False,False,False
7C20020028002,False,False,False,False,False,False,True,False,False,False
7C20020028003,False,False,False,True,False,False,False,False,False,False
7C20020028005,False,False,True,True,False,False,False,False,False,False
7C20020028009,True,False,False,True,False,False,False,False,False,False
7C20020028014,False,False,False,True,False,False,False,False,False,False
7C20020028015,False,False,False,False,False,False,True,False,False,False
7C20020028025,False,False,False,True,False,False,False,False,False,False
7C20020028026,False,False,True,False,False,False,False,False,False,False
7C20020028028,False,False,False,False,True,False,False,False,False,False
7C20020028030,False,False,False,False,True,False,False,False,False,False
7C20020028031,False,True,False,False,True,False,False,False,False,False
7C20020028035,False,False,False,True,False,False,False,False,False,False
7C20020028038,False,False,False,False,False,False,False,False,False,True
7C20020028041,False,False,False,False,False,True,False,False,False,False
7C20020028044,False,False,False,False,False,False,True,False,False,False
7C20020028045,False,False,False,False,True,False,False,False,False,False
7C20020028046,False,False,False,False,True,False,False,False,False,False
7C20020028048,False,False,False,False,True,False,False,False,False,False
7C20020028051,False,False,False,False,False,True,False,False,False,False
7C20020028059,False,True,False,False,False,False,False,False,False,False
7C20020028061,False,False,False,False,False,False,True,False,False,False
7C20020028062,False,False,False,False,False,False,False,False,False,True
7C20020028063,False,False,False,False,False,True,False,False,False,False
7C20020028064,False,False,False,False,False,True,False,False,False,False
7C20020028068,False,False,False,False,False,True,False,False,False,False
7C20020028069,False,False,False,False,False,False,True,False,False,False
7C20020028070,False,False,False,False,False,False,True,False,False,False
7C20020028076,False,True,False,False,False,False,False,False,False,False
7C20020028077,False,False,True,True,False,False,False,False,False,False
7C20020028083,False,False,False,True,False,False,False,False,False,False
7C20020028084,False,False,False,False,False,False,True,False,False,False
7C20020028088,False,False,False,False,False,False,True,False,False,False
7C20020028095,False,False,False,False,False,False,True,False,False,False
7C20020028096,False,False,False,False,False,False,False,False,False,True
7C20020028097,False,False,False,True,True,False,False,False,False,False
7C20020028112,True,False,False,False,False,False,False,False,False,False
7C20020028113,False,False,False,False,False,True,False,False,False,False
7C20020028121,False,False,False,True,False,False,False,False,False,False
7C20020028122,False,False,False,False,False,False,True,False,False,False
7C20020028123,False,False,False,False,False,True,False,False,False,False
7C20020028125,False,False,False,False,False,True,False,False,False,False
7C20020028126,False,False,False,True,False,False,True,False,False,False
7C20020028127,False,False,False,True,False,False,False,False,False,False
7C20020028137,False,False,False,False,True,False,False,False,False,False
7C20020028139,True,False,False,False,False,False,False,False,False,False
7C20020028140,True,False,False,False,False,False,False,False,False,False
7C20020028142,False,False,False,False,False,False,True,False,False,False
7C20020028144,False,False,False,False,False,True,True,False,False,False
7C20020028145,True,False,False,False,False,False,True,False,False,False
7C20020028147,False,False,False,False,False,True,False,False,False,False
7C20020028151,False,False,False,False,False,False,True,False,False,False
7C20020028154,False,False,False,False,False,False,True,False,False,False
7C20020028156,False,False,False,False,False,False,True,False,False,False
7C20020028164,True,False,False,False,False,False,False,False,False,False
7C20020028168,True,False,False,False,False,False,False,False,False,False
7C20020028181,False,False,False,False,False,True,False,False,False,False
7C20020028193,False,False,False,False,True,False,False,False,False,False
7C20020028198,False,False,False,False,False,False,True,False,False,False
7C20020028199,False,False,False,False,False,False,True,False,False,False
7C20020028200,False,False,False,False,True,False,False,False,False,False
7C20020028204,False,False,True,False,False,False,False,False,False,False
7C20020028205,False,True,False,False,False,False,False,False,False,False
7C20020028206,False,False,False,True,True,False,False,False,False,False
7C20020028207,False,True,False,True,False,False,False,False,False,False
7C20020028208,False,True,False,False,False,False,False,False,False,False
7C20020028210,False,False,True,False,False,False,False,False,False,False
7C20020028225,False,False,False,False,False,False,True,False,False,False
7C20020028234,False,False,False,False,False,False,True,False,False,False
7C20020028237,False,False,False,False,False,False,True,False,False,False
7C20020028245,False,False,False,True,True,False,True,False,False,False
7C20020028246,False,False,False,False,True,False,False,False,False,False
7C20020028254,False,False,False,False,False,False,True,False,False,False
7C20020028257,False,False,False,False,False,True,False,False,False,False
7C20020028259,True,False,False,False,False,False,False,False,False,False
7C20020028261,False,False,False,False,False,False,True,False,False,False
7C20020028263,False,False,False,False,False,False,True,False,False,False
7C20020028267,False,False,True,False,False,False,True,False,False,False
7C20020028268,False,False,False,False,True,False,False,False,False,False
7C20020028272,False,False,False,False,False,False,True,False,False,False
7C20020028274,False,False,False,False,False,True,True,False,True,False
7C20020028279,False,False,False,True,False,False,False,False,False,False
7C20020028287,False,False,False,True,False,False,True,False,False,False
7C20020028289,False,False,True,False,False,False,True,False,False,False
7C20020028291,False,False,True,False,False,False,False,False,False,False
7C20020028300,False,False,False,True,False,False,False,False,False,False
7C20020028303,False,False,False,False,False,False,True,False,False,False
7C20020028305,False,False,False,False,False,True,True,False,False,False
7C20020028308,False,False,False,True,False,False,False,False,False,False
7C20020028309,False,False,False,False,False,False,True,False,False,False
7C20020028310,False,False,False,False,False,False,True,False,False,False
7C20020028314,False,False,False,False,False,True,False,False,False,False
7C20020028321,False,False,False,True,False,False,False,False,False,False
7C20020028322,False,False,False,True,False,False,False,False,False,False
7C20020028324,False,True,False,False,True,False,False,False,False,False
7C20020028333,False,False,False,False,False,True,False,False,False,False
7C20020028339,True,False,False,False,False,False,False,False,False,False
7C20020028341,False,False,False,False,False,False,True,False,False,False
7C20020028343,False,False,False,True,False,False,False,False,False,False
7C20020028348,False,False,False,False,True,False,False,False,False,False
7C20020028350,True,False,False,False,False,False,False,False,False,False
7C20020028355,False,False,False,False,True,False,False,False,False,False
7C20020028359,False,False,False,False,True,False,False,False,False,False
7C20020028361,False,False,False,False,False,False,True,False,False,False
7C20020028363,False,True,False,False,False,False,False,False,False,False
7C20020028364,False,True,False,False,False,False,False,False,False,False
7C20020028367,False,False,False,False,True,False,True,False,False,False
7C20020028370,True,False,False,False,False,False,True,False,False,False
7C20020028371,False,False,False,True,False,False,False,False,False,False
7C20020028375,False,True,False,False,False,False,False,False,False,False
7C20020028377,False,False,True,False,False,False,False,False,False,False
7C20020028379,False,True,False,False,True,False,False,False,False,False
7C20020028382,False,False,False,False,False,False,True,False,False,False
7C20020028386,False,False,True,False,False,False,False,False,False,False
7C20020028387,False,False,False,False,False,False,True,False,False,False
7C20020028389,True,False,False,False,False,False,False,False,False,False
7C20020028394,False,False,False,True,False,False,False,False,False,False
7C20020028396,False,False,False,False,False,True,False,False,False,False
7C20020028401,True,False,False,False,False,False,False,False,False,False
7C20020028402,False,False,True,False,False,False,False,False,False,False
7C20020028408,False,True,False,False,False,False,False,False,False,False
7C20020028414,True,False,False,False,False,False,False,False,False,False
7C20020028415,False,False,False,False,False,False,True,False,False,False
7C20020028417,True,False,False,False,False,False,False,False,False,False
7C20020028425,True,False,False,False,True,False,False,False,False,False
7C20020028427,False,True,False,False,True,False,False,False,False,False
7C20020028436,False,False,False,True,False,False,False,False,False,False
7C20020028438,False,False,False,False,True,False,False,False,False,False
7C20020028439,False,False,False,True,False,False,False,False,False,False
7C20020028441,False,False,False,False,False,False,True,False,False,False
7C20020028442,False,True,False,False,False,False,False,False,False,False
7C20020028444,False,False,False,False,False,False,True,False,False,False
7C20020028445,False,False,False,False,False,True,False,False,False,False
7C20020028446,True,False,False,False,False,False,True,False,False,False
7C20020028451,False,False,False,False,False,False,True,False,False,False
7C20020028454,False,False,False,True,True,False,False,False,False,False
7C20020028456,False,False,False,True,False,False,False,False,False,False
7C20020028457,False,False,False,False,False,False,False,False,True,False
7C20020028463,False,False,False,True,False,False,False,False,False,False
7C20020028464,False,False,False,False,True,False,True,False,False,False
7C20020028465,False,True,False,False,False,False,False,False,False,False
7C20020028469,False,False,False,False,True,False,True,False,False,False
7C20020028470,False,False,False,True,False,False,False,False,False,False
7C20020028475,False,False,False,True,False,False,False,False,False,False
7C20020028479,True,False,False,False,False,False,False,False,False,False
7C20020028480,False,False,False,False,True,False,False,False,False,False
7C20020028483,False,False,False,True,False,False,False,False,False,False
7C20020028485,False,False,False,True,True,False,False,False,False,False
7C20020028488,True,False,False,False,False,False,False,False,False,False
7C20020028489,True,False,False,False,False,False,False,False,False,False
7C20020028490,False,False,True,False,False,False,False,False,False,False
7C20020028491,False,False,False,True,False,False,False,False,False,False
7C20020028496,False,False,False,False,False,False,True,False,False,False
7C20020028499,False,False,False,False,False,False,True,False,False,False
7C20020028506,False,True,False,False,False,False,False,False,False,False
7C20020028507,False,True,False,False,False,False,False,False,False,False
7C20020028508,False,False,False,False,False,False,True,False,False,False
7C20020028510,False,False,False,True,False,False,False,False,False,False
7C20020028517,True,False,False,False,False,False,False,False,False,False
7C20020028523,True,False,False,False,False,False,False,False,False,False
7C20020028527,False,False,False,False,True,False,False,False,False,False
7C20020028530,False,False,False,False,False,False,True,False,False,False
7C20020028532,False,False,True,False,False,False,False,False,False,False
7C20020028535,False,True,False,False,False,False,False,False,False,False
7C20020028537,False,False,False,False,False,True,False,False,False,False
7C20020028538,False,True,False,False,False,False,False,False,False,False
7C20020028539,False,True,False,False,False,False,False,False,False,False
7C20020028547,False,True,False,False,False,False,False,False,False,False
7C20020028550,True,False,False,False,False,False,False,False,False,False
7C20020028557,False,False,False,True,False,False,False,False,False,False
7C20020028560,False,False,False,True,False,False,False,False,False,False
7C20020028562,False,True,False,False,False,False,False,False,False,False
7C20020028566,False,False,False,False,False,False,True,False,False,False
7C20020028569,False,False,False,True,False,False,False,False,False,False
7C20020028571,False,False,False,True,True,False,False,False,False,False
7C20020028575,False,False,False,True,False,False,False,False,False,False
7C20020028579,False,False,False,False,True,False,False,False,False,False
7C20020028581,False,False,False,False,True,False,False,False,False,False
7C20020028582,True,False,False,True,False,False,False,False,False,False
7C20020028583,False,True,False,False,False,False,False,False,False,False
7C20020028585,False,False,False,True,False,False,False,False,False,False
7C20020028592,False,False,False,True,False,False,False,False,False,False
7C20020028597,False,False,False,False,True,False,False,False,False,False
7C20020028613,False,False,False,True,False,False,False,False,False,False
7C20020028615,False,True,False,False,False,False,False,False,False,False
7C20020028617,False,False,False,True,True,False,False,False,False,False
7C20020028627,True,False,False,False,False,False,False,False,False,False
7C20020028628,False,False,False,True,False,False,False,False,False,False
7C20020028629,False,False,True,False,False,False,False,False,False,False
7C20020028638,False,False,False,False,False,True,False,False,False,False
7C20020028642,False,False,False,False,False,True,True,False,False,False
7C20020028645,False,False,False,False,False,False,True,False,False,False
7C20020028646,False,False,False,False,True,False,False,False,False,False
7C20020028653,False,False,False,True,False,False,False,False,False,False
7C20020028655,False,False,False,False,False,False,True,False,False,False
7C20020028656,True,False,False,False,False,False,False,False,False,False
7C20020028662,False,False,False,False,False,True,True,False,False,False
7C20020028663,False,False,False,False,False,True,False,False,False,False
7C20020028664,False,False,False,False,False,True,False,False,False,False
7C20020028665,False,False,False,True,False,False,False,False,False,False
7C20020028667,False,False,False,False,False,True,False,False,False,False
7C20020028669,False,False,False,False,False,True,False,False,False,False
7C20020028671,False,False,False,False,True,True,False,False,False,False
7C20020028676,False,False,False,True,False,False,False,False,False,False
7C20020028677,False,False,False,True,False,False,False,False,False,False
7C20020028678,False,False,False,False,False,False,True,False,False,False
7C20020028681,False,False,True,False,False,False,False,False,False,False
7C20020028685,False,False,False,True,False,False,False,False,False,False
7C20020028690,False,False,False,False,False,False,True,False,False,False
7C20020028692,True,False,False,True,False,False,False,False,False,False
7C20020028696,False,False,False,False,False,False,True,False,False,False
7C20020028702,False,False,False,True,False,False,False,False,False,False
7C20020028705,False,False,False,True,False,False,False,False,False,False
7C20020028712,False,False,False,False,False,False,True,False,False,False
7C20020028717,False,False,False,False,False,False,True,False,False,False
7C20020028720,False,False,False,False,True,False,False,False,False,False
7C20020028721,False,False,False,False,False,False,False,False,False,True
7C20020028723,False,True,False,False,False,False,False,False,False,False
7C20020028726,False,False,False,True,False,False,False,False,False,False
7C20020028727,False,True,False,False,False,False,False,False,False,False
7C20020028738,False,False,False,True,True,False,False,False,False,False
7C20020028739,False,False,False,True,False,False,False,False,False,False
7C20020028742,False,True,False,False,False,False,False,False,False,False
7C20020028743,False,False,False,False,False,True,False,False,False,False
7C20020028748,False,False,False,True,False,False,False,False,False,False
7C20020028749,False,False,False,False,False,True,False,False,False,False
7C20020028754,False,False,False,False,True,False,False,False,False,False
7C20020028755,False,False,False,False,True,False,False,False,False,False
7C20020028758,False,False,False,True,False,False,False,False,False,False
7C20020028761,False,True,False,False,False,False,False,False,False,False
7C20020028762,False,False,False,True,False,False,False,False,False,False
7C20020028765,False,False,False,True,False,False,False,False,False,False
7C20020028766,False,False,False,False,True,False,False,False,False,False
7C20020028767,False,False,False,False,False,False,True,False,False,False
7C20020028770,False,False,False,True,False,False,True,False,False,False
7C20020028771,False,False,False,False,False,True,False,False,False,False
7C20020028772,False,False,False,False,False,False,True,False,False,False
7C20020028773,False,False,False,False,False,False,True,False,False,False
7C20020028776,True,False,False,True,False,False,True,False,False,False
7C20020028777,False,False,False,False,False,False,True,False,False,False
7C20020028779,False,False,False,True,False,False,False,False,False,False
7C20020028783,False,False,False,False,False,False,True,False,False,False
7C20020028787,False,False,False,False,False,True,False,False,False,False
7C20020028788,False,False,False,False,False,True,False,False,False,False
7C20020028789,False,False,False,False,False,False,True,False,False,False
7C20020028791,False,False,False,True,True,False,False,False,False,False
7C20020028792,False,False,False,False,False,True,True,False,False,False
7C20020028795,False,False,False,True,False,False,False,False,False,False
7C20020028796,False,False,False,False,False,True,False,False,False,False
7C20020028797,False,False,False,True,False,False,False,False,False,False
7C20020028798,False,False,False,False,False,True,False,False,False,False
7C20020028799,True,False,False,False,False,False,False,False,False,False
7C20020028806,False,False,False,True,False,False,False,False,False,False
7C20020028810,False,False,False,True,False,False,False,False,False,False
7C20020028813,False,False,False,False,True,True,False,False,False,False
7C20020028817,False,False,False,True,False,False,False,False,False,False
7C20020028819,False,False,False,True,False,False,True,False,False,False
7C20020028825,False,False,False,False,False,False,True,False,False,False
7C20020028829,False,False,True,False,False,False,False,False,False,False
7C20020028830,False,False,False,True,False,False,True,False,False,False
7C20020028831,False,False,False,True,False,False,False,False,False,False
7C20020028832,True,True,False,False,False,False,False,False,False,False
7C20020028833,False,False,False,True,False,False,False,False,False,False
7C20020028836,False,False,False,False,True,False,False,False,False,False
7C20020028838,False,False,True,True,False,False,False,False,False,False
7C20020028840,True,True,False,False,False,False,False,False,False,False
7C20020028841,False,False,False,True,False,False,False,False,False,False
7C20020028846,True,False,False,False,False,False,True,False,False,False
7C20020028848,False,False,False,False,False,False,True,False,False,False
7C20020028851,False,True,False,False,True,False,False,False,False,True
7C20020028853,False,False,False,False,True,False,False,False,False,False
7C20020028855,False,True,False,False,False,False,True,False,False,False
7C20020028860,False,False,False,True,False,False,False,False,False,False
7C20020028862,False,False,False,False,False,False,True,False,False,False
7C20020028863,False,False,False,False,True,False,False,False,False,False
7C20020028874,False,False,False,False,False,False,True,False,False,False
7C20020028876,False,False,False,True,False,False,False,False,False,False
7C20020028880,False,False,False,False,False,False,True,False,False,False
7C20020028883,False,True,False,False,False,False,False,False,False,False
7C20020028894,False,False,False,False,False,True,False,False,False,False
7C20020028898,False,False,True,False,False,False,False,False,False,False
7C20020028902,False,True,False,False,True,False,False,False,False,False
7C20020028903,False,False,False,True,False,False,False,False,False,False
7C20020028906,False,False,False,True,False,False,False,False,False,False
7C20020028907,False,False,False,False,True,False,False,False,False,False
7C20020028909,False,True,False,True,False,False,False,False,False,False
7C20020028911,False,False,False,False,False,False,True,False,False,False
7C20020028912,False,False,False,False,False,True,True,False,False,False
7C20020028913,False,False,False,False,True,False,True,False,False,False
7C20020028914,False,False,True,False,False,False,False,False,False,True
7C20020028915,False,False,False,False,False,False,True,False,False,False
7C20020028916,False,False,False,False,False,False,True,False,False,False
7C20020028917,False,False,False,False,False,True,True,False,False,False
7C20020028920,False,False,False,False,False,False,True,False,False,False
7C20020028921,False,False,False,False,False,False,True,False,False,False
7C20020028922,False,False,True,False,False,False,False,False,False,False
7C20020028923,False,False,False,False,False,False,True,False,False,False
7C20020028926,False,False,False,False,False,True,False,False,False,False
7C20020028930,False,False,False,False,False,False,True,False,False,False
7C20020028931,False,False,False,False,False,False,True,False,False,False
7C20020028932,False,False,False,False,False,False,True,False,False,False
7C20020028934,False,False,False,False,False,False,True,False,False,False
7C20020028937,False,False,False,False,False,False,True,False,False,False
7C20020028938,False,False,False,False,True,False,False,False,False,False
7C20020028940,False,False,False,True,False,False,False,False,False,False
7C20020028941,False,False,False,True,False,False,False,False,False,True
7C20020028942,False,False,False,False,False,False,True,False,False,False
7C20020028943,False,False,False,False,False,False,True,False,False,False
7C20020028947,False,False,False,False,False,False,False,False,False,True
7C20020028949,False,True,False,False,False,False,False,False,False,False
7C20020028952,False,False,False,True,False,False,False,False,False,False
7C20020028954,False,False,False,False,True,False,False,False,False,False
7C20020028957,False,False,False,False,False,False,True,False,False,False
7C20020028960,True,False,False,False,False,False,False,False,False,False
7C20020028962,False,False,True,False,False,False,False,False,False,False
7C20020028967,False,False,False,False,False,True,False,False,False,False
7C20020028973,False,False,False,False,False,False,True,False,False,False
7C20020028975,False,False,False,True,False,False,False,False,False,True
7C20020028977,False,False,False,True,False,False,False,False,False,False
7C20020028984,True,False,False,False,False,False,False,False,False,False
7C20020028985,False,False,False,False,False,False,True,False,False,False
7C20020028988,False,True,False,False,False,False,False,False,False,False
7C20020028989,False,False,False,False,False,False,True,False,False,False
7C20020028993,False,False,False,False,False,False,True,False,False,True
7C20020028997,False,False,False,False,True,False,False,False,False,False
7C20020028998,False,False,False,False,False,False,True,False,False,False
7C20020029003,True,False,False,False,False,False,False,False,False,False
7C20020029004,False,False,False,True,False,False,False,False,False,False
7C20020029008,False,False,True,False,False,False,False,False,False,False
7C20020029015,False,False,False,False,True,False,False,False,False,False
7C20020029017,False,False,False,True,False,False,False,False,False,False
7C20020029027,False,False,False,True,False,False,False,False,False,False
7C20020029030,False,False,False,False,False,False,True,False,False,False
7C20020029044,False,False,False,False,False,False,False,False,True,False
7C20020029048,False,False,False,False,False,False,True,False,False,False
7C20020029053,False,False,False,True,False,False,False,False,False,False
7C20020029061,True,False,False,False,False,False,False,False,False,False
7C20020029070,False,False,True,False,False,False,False,False,False,False
7C20020029071,False,False,False,True,False,False,False,False,False,False
7C20020029077,False,False,False,True,False,False,False,False,False,False
7C20020029079,False,False,False,False,False,True,True,False,False,False
7C20020029094,False,False,True,False,False,False,False,False,False,False
7C20020029095,False,False,False,False,False,False,True,False,False,False
7C20020029096,False,False,False,False,False,True,False,False,False,False
7C20020029098,False,False,False,False,False,True,True,False,False,True
7C20020029101,False,False,False,False,False,False,True,False,False,False
7C20020029102,False,False,False,False,True,False,True,False,False,False
7C20020029103,False,False,False,False,False,False,True,False,False,False
7C20020029105,False,False,False,False,False,True,True,False,False,False
7C20020029110,False,False,False,False,False,True,True,False,False,False
7C20020029112,False,False,False,False,False,False,True,False,False,False
7C20020029115,False,False,False,False,False,False,True,False,False,False
7C20020029116,False,False,False,False,False,False,True,False,False,False
7C20020029119,False,False,False,True,False,False,False,False,False,False
7C20020029120,False,False,False,False,False,True,True,False,False,False
7C20020029123,False,True,False,False,False,False,False,False,False,False
7C20020029126,False,False,True,False,False,False,False,False,False,False
7C20020029127,True,False,False,False,False,False,False,False,False,False
7C20020029131,True,False,False,True,False,False,False,False,False,False
7C20020029132,False,True,False,False,False,False,False,False,False,False
7C20020029142,False,False,False,True,False,False,False,False,False,False
7C20020029145,True,False,False,False,False,False,False,False,False,False
7C20020029146,False,False,False,False,True,False,False,False,False,False
7C20020029149,False,False,False,False,True,False,False,False,False,False
7C20020029152,True,False,False,False,False,False,False,False,False,False
7C20020029157,False,True,False,False,False,False,False,False,False,False
7C20020029166,False,False,False,False,False,False,True,False,False,False
7C20020029170,False,False,False,True,False,False,False,False,False,False
7C20020029179,False,False,False,False,False,False,True,False,False,False
7C20020029185,False,False,False,True,False,False,False,False,False,False
7C20020029191,False,False,False,False,False,False,True,False,False,False
7C20020029192,False,False,False,False,False,False,True,False,False,False
7C20020029193,False,False,True,False,False,False,False,False,False,False
7C20020029196,False,True,True,True,False,False,False,False,False,False
7C20020029199,False,False,False,True,False,False,False,False,False,False
7C20020029201,True,False,False,False,False,False,False,False,False,False
7C20020029203,False,False,False,True,False,False,True,False,False,False
7C20020029204,False,False,False,False,True,False,False,False,False,False
7C20020029205,True,False,False,False,False,False,False,False,False,False
7C20020029206,False,False,False,False,True,False,False,False,False,False
7C20020029207,False,False,False,False,True,False,False,False,False,False
7C20020029214,False,False,False,True,False,False,False,False,False,False
7C20020029223,False,False,False,False,True,False,False,False,False,False
7C20020029224,False,False,False,False,True,False,False,False,False,False
7C20020029227,True,False,False,False,False,False,False,False,False,False
7C20020029231,False,False,False,False,False,True,False,False,False,False
7C20020029232,False,False,False,False,False,True,False,False,False,False
7C20020029237,False,False,False,True,False,True,False,False,False,False
7C20020029238,False,False,False,True,False,False,True,False,False,False
7C20020029239,False,True,False,False,False,False,False,False,False,False
7C20020029240,False,False,False,True,False,False,False,False,False,False
7C20020029242,False,False,False,False,False,False,True,False,False,False
7C20020029243,False,False,False,False,True,False,True,False,False,False
7C20020029244,False,False,False,True,False,False,False,False,False,False
7C20020029245,False,False,False,False,True,False,True,False,False,False
7C20020029246,False,False,False,False,False,False,True,False,False,False
7C20020029252,False,False,False,False,False,False,True,False,False,False
7C20020029253,False,False,False,False,False,False,True,False,False,False
7C20020029258,False,False,False,False,True,False,True,False,False,False
7C20020029262,False,True,False,False,False,False,False,False,False,False
7C20020029264,False,False,False,False,False,False,True,False,False,False
7C20020029267,False,False,False,True,False,False,False,False,False,False
7C20020029272,False,False,False,False,True,False,False,False,False,False
7C20020029273,False,False,False,False,True,False,False,False,False,False
7C20020029279,False,True,False,False,False,False,True,False,False,False
7C20020029281,False,False,False,True,False,False,False,False,False,False
7C20020029285,False,True,False,False,False,False,False,False,False,False
7C20020029286,False,True,False,False,False,False,False,False,False,False
7C20020029294,False,True,False,False,False,False,False,False,False,False
7C20020029297,False,False,False,False,False,False,True,False,False,False
7C20020029308,False,False,False,False,False,True,True,False,False,False
7C20020029310,False,False,False,False,True,False,False,False,False,False
7C20020029312,False,False,False,False,False,False,True,False,False,False
7C20020029314,False,False,False,True,True,False,False,False,False,False
7C20020029318,False,False,False,False,True,True,False,False,False,False
7C20020029321,False,False,False,True,False,False,False,False,False,False
7C20020029323,True,False,False,False,False,False,True,False,False,False
7C20020029324,False,False,False,False,False,False,True,False,False,False
7C20020029328,False,False,False,False,False,False,True,False,True,False
7C20020029330,False,False,False,False,False,True,False,False,False,False
7C20020029331,False,True,False,False,False,False,False,False,False,False
7C20020029334,False,False,False,False,False,True,False,False,False,False
7C20020029335,False,False,False,False,False,False,True,False,False,False
7C20020029341,False,False,False,False,False,True,True,False,False,False
7C20020029343,False,False,True,False,False,False,False,False,False,False
7C20020029344,False,False,False,False,False,False,True,False,False,False
7C20020029354,False,False,False,False,False,False,True,False,False,False
7C20020029358,False,False,False,False,True,False,False,False,False,False
7C20020029359,False,False,False,True,False,False,False,False,False,False
7C20020029360,False,False,False,False,False,False,True,False,False,False
7C20020029362,False,False,True,False,False,False,False,False,False,False
7C20020029365,False,False,True,False,False,False,False,False,False,False
7C20020029366,False,False,True,False,False,False,False,False,False,False
7C20020029370,False,False,True,False,False,False,False,False,False,False
7C20020029371,False,False,False,False,False,False,True,False,False,False
7C20020029373,False,False,False,True,False,False,False,False,False,False
7C20020029384,False,False,False,True,False,False,False,False,False,False
7C20020029388,False,False,False,True,False,False,True,False,False,False
7C20020029389,False,False,False,True,False,False,False,False,False,False
7C20020029391,False,False,False,False,True,False,False,False,False,False
7C20020029392,False,False,False,False,False,True,False,False,False,False
7C20020029393,False,False,False,True,False,False,False,False,False,False
7C20020029394,False,False,False,True,True,False,False,False,False,False
7C20020029401,False,False,False,True,False,False,True,False,False,False
7C20020029408,True,False,False,False,True,False,False,False,False,False
7C20020029410,True,False,False,False,False,False,False,False,False,False
7C20020029411,False,False,False,True,False,False,False,False,False,False
7C20020029412,False,False,True,False,False,False,False,False,False,False
7C20020029422,False,False,False,False,True,False,False,False,False,False
7C20020029423,False,False,True,False,False,False,False,False,False,False
7C20020029426,False,False,False,False,False,False,True,False,False,False
7C20020029427,False,False,False,True,False,False,False,False,False,False
7C20020029431,True,False,False,True,False,False,False,False,False,False
7C20020029433,False,False,False,False,False,False,True,False,False,False
7C20020029437,False,False,False,True,False,False,False,False,False,False
7C20020029441,False,False,False,False,False,False,True,False,False,False
7C20020029448,False,False,False,False,False,False,True,False,False,False
7C20020029453,False,False,False,True,False,False,False,False,False,False
7C20020029454,False,False,False,False,True,False,False,False,False,False
7C20020029457,True,False,False,True,False,False,False,False,False,False
7C20020029463,True,True,False,False,False,False,False,False,False,False
7C20020029468,False,False,False,True,False,False,False,False,False,False
7C20020029472,False,False,True,False,False,False,False,False,False,False
7C20020029475,True,False,False,False,False,False,False,False,False,False
7C20020029476,False,False,True,False,False,False,False,False,False,False
7C20020029482,False,False,False,False,False,False,True,False,False,False
7C20020029485,False,True,False,True,False,False,False,False,False,False
7C20020029488,False,False,False,False,False,True,True,False,False,False
7C20020029489,False,False,False,False,True,False,False,False,False,False
7C20020029490,False,False,False,False,True,False,True,False,False,False
7C20020029492,False,False,False,False,False,False,True,False,False,False
7C20020029493,False,False,False,False,False,True,True,False,False,False
7C20020029495,False,False,False,False,False,False,True,False,False,False
7C20020029496,False,False,False,False,False,True,True,False,False,False
7C20020029497,True,False,False,False,False,False,False,False,False,False
7C20020029498,False,False,False,False,False,True,True,False,False,False
7C20020029499,False,False,False,False,False,True,False,False,False,False
7C20020029503,False,False,False,False,False,False,True,False,False,False
7C20020029521,False,False,True,True,False,False,True,False,False,False
7C20020029525,True,False,False,False,False,False,False,False,False,False
7C20020029526,True,False,False,False,False,False,False,False,False,False
7C20020029533,True,False,False,False,False,False,False,False,False,False
7C20020029544,False,False,False,False,False,True,False,False,False,False
7C20020029547,False,False,False,True,False,False,False,False,False,False
7C20020029548,False,False,False,True,True,False,False,False,False,False
7C20020029549,False,False,False,True,False,False,False,False,False,False
7C20020029554,False,False,False,True,False,False,False,False,False,False
7C20020029556,False,True,False,False,False,False,False,False,False,False
7C20020029564,True,False,False,False,False,False,False,False,False,False
7C20020029566,False,True,False,False,False,False,False,False,False,False
7C20020029573,False,False,False,True,False,False,False,False,False,False
7C20020029575,False,False,False,False,False,False,True,False,False,False
7C20020029577,False,False,False,True,False,False,True,False,False,False
7C20020029579,False,False,False,False,False,False,True,False,False,False
7C20020029589,False,False,False,False,False,False,True,False,False,False
7C20020029601,False,False,False,True,True,False,False,False,False,False
7C20020029602,False,False,True,False,False,False,False,False,False,False
7C20020029614,False,False,False,False,False,False,True,False,False,False
7C20020029615,False,False,False,True,False,False,False,False,False,False
7C20020029623,False,False,False,False,False,False,True,False,False,False
7C20020029624,False,False,True,True,True,False,False,False,False,False
7C20020029629,False,False,False,True,False,False,False,False,False,False
7C20020029630,False,False,False,True,False,False,False,False,False,False
7C20020029634,False,True,False,False,False,False,False,False,False,False
7C20020029639,False,True,False,True,False,False,False,False,False,False
7C20020029642,False,False,False,False,False,False,True,False,False,False
7C20020029643,False,False,False,False,False,False,True,False,False,False
7C20020029644,False,False,False,False,True,True,True,False,False,False
7C20020029645,False,False,False,False,False,False,True,False,False,False
7C20020029646,False,False,False,False,False,False,True,False,False,False
7C20020029649,False,False,False,False,True,False,False,False,False,False
7C20020029654,False,False,False,False,False,False,True,False,False,False
7C20020029655,False,False,False,False,False,False,True,False,False,False
7C20020029656,False,False,False,False,False,False,True,False,False,False
7C20020029657,False,False,False,False,False,False,True,False,False,False
7C20020029658,False,False,False,False,True,False,False,False,False,False
7C20020029662,True,False,False,False,False,False,False,False,False,False
7C20020029664,False,False,False,True,False,False,False,False,False,False
7C20020029665,False,False,False,False,False,False,True,False,False,False
7C20020029667,False,True,False,False,False,False,False,False,False,False
7C20020029670,False,False,False,False,False,False,True,False,False,False
7C20020029676,False,True,False,True,False,True,True,False,False,False
7C20020029677,True,False,False,False,False,True,True,False,False,False
7C20020029679,False,False,False,True,False,False,False,False,False,False
7C20020029680,False,False,False,False,False,False,True,False,False,False
7C20020029681,False,False,True,False,False,False,False,False,False,False
7C20020029685,False,False,False,False,True,False,False,False,False,False
7C20020029695,False,False,False,True,False,False,False,False,False,False
7C20020029702,False,False,False,False,False,False,True,False,False,False
7C20020029703,False,False,False,False,False,True,False,False,False,False
7C20020029705,False,False,False,True,False,False,False,False,False,False
7C20020029712,True,False,False,False,False,False,False,False,False,False
7C20020029716,False,False,False,False,False,False,True,False,False,False
7C20020029717,True,False,False,False,False,False,False,False,False,False
7C20020029724,False,True,False,False,False,False,True,False,False,False
7C20020029732,False,False,False,True,False,False,False,False,False,False
7C20020029738,False,False,False,True,False,False,True,False,False,False
7C20020029739,False,False,False,True,False,False,True,False,False,False
7C20020029742,False,True,False,False,False,False,False,False,False,False
7C20020029747,False,False,False,False,False,True,True,False,False,False
7C20020029748,False,False,False,True,False,False,False,False,False,False
7C20020029749,False,False,False,False,True,False,False,False,False,False
7C20020029752,False,False,False,True,False,False,False,False,False,False
7C20020029755,False,False,False,True,False,False,False,False,False,False
7C20020029757,False,False,False,False,True,False,False,False,False,False
7C20020029758,False,False,False,True,False,False,True,False,False,False
7C20020029759,False,False,False,True,False,False,False,False,False,False
7C20020029770,False,False,True,False,False,False,False,False,False,False
7C20020029782,False,False,False,True,False,False,False,False,False,False
7C20020029784,True,False,False,False,False,False,False,False,False,False
7C20020029787,False,False,False,True,False,False,False,False,False,False
7C20020029790,True,False,False,False,False,True,False,False,False,False
7C20020029798,True,True,False,False,False,False,False,False,False,False
7C20020029799,False,False,True,False,False,False,False,False,False,False
7C20020029804,False,False,False,True,False,False,False,False,False,False
7C20020029805,False,False,False,True,False,False,False,False,False,False
7C20020029810,False,True,False,False,False,False,False,False,False,False
7C20020029812,False,False,True,False,False,False,False,False,False,False
7C20020029814,False,False,False,False,True,False,False,False,False,False
7C20020029817,True,True,False,False,False,False,False,False,False,False
7C20020029818,False,True,False,False,False,False,False,False,False,False
7C20020029820,False,False,False,True,False,False,True,False,False,False
7C20020029821,False,False,False,True,False,False,False,False,False,False
7C20020029823,False,False,False,False,False,True,False,False,False,False
7C20020029824,False,False,False,True,False,False,False,False,False,False
7C20020029825,False,False,False,False,False,False,True,False,False,False
7C20020029827,False,False,False,False,False,True,True,False,False,False
7C20020029829,False,False,False,False,False,False,True,False,False,False
7C20020029830,False,False,True,False,False,False,False,False,False,False
7C20020029831,False,False,False,False,False,False,False,False,False,True
7C20020029834,False,False,False,False,False,False,True,False,False,False
7C20020029835,False,False,False,False,False,False,True,False,False,False
7C20020029836,False,False,False,False,True,False,False,False,False,False
7C20020029840,False,False,False,False,True,False,True,False,False,False
7C20020029841,False,False,False,False,False,False,True,False,False,False
7C20020029843,False,False,False,True,True,False,False,False,False,False
7C20020029845,False,False,False,False,False,False,True,False,False,False
7C20020029846,False,False,False,False,False,False,True,False,False,False
7C20020029849,False,False,False,False,False,False,True,False,False,False
7C20020029850,False,False,False,False,True,False,False,False,False,False
7C20020029851,False,False,False,False,True,False,False,False,False,False
7C20020029852,False,False,False,False,False,False,True,False,False,False
7C20020029855,False,False,False,False,False,True,False,False,False,False
7C20020029856,False,False,True,False,False,False,False,False,False,False
7C20020029861,False,False,False,True,False,False,False,False,False,False
7C20020029862,False,False,False,True,False,False,False,False,False,False
7C20020029865,False,False,False,False,False,False,True,False,False,False
7C20020029868,False,False,False,True,False,False,False,False,False,False
7C20020029871,False,False,False,True,False,False,False,False,False,False
7C20020029872,False,False,False,True,False,False,False,False,False,False
7C20020029873,False,False,False,True,False,False,False,False,False,False
7C20020029877,False,False,True,False,False,False,False,False,False,False
7C20020029878,False,False,False,False,True,False,False,False,False,False
7C20020029879,True,False,False,False,False,False,False,False,False,False
7C20020029880,False,False,False,False,False,False,True,False,False,False
7C20020029890,False,False,False,False,False,False,True,False,False,False
7C20020029891,False,False,True,False,False,False,False,False,False,False
7C20020029893,False,False,False,True,False,False,False,False,False,False
7C20020029902,False,False,False,False,True,False,False,False,False,False
7C20020029918,False,False,False,False,False,False,False,False,True,False
7C20020029919,True,False,False,False,False,False,False,False,False,False
7C20020029921,False,False,False,False,False,False,True,False,False,False
7C20020029922,False,False,False,False,True,False,False,False,False,False
7C20020029923,True,False,False,False,False,False,False,False,False,False
7C20020029926,False,False,False,False,True,False,False,False,False,False
7C20020029927,False,False,False,True,False,False,False,False,False,False
7C20020029928,True,False,False,False,True,False,False,False,False,False
7C20020029929,True,False,False,False,True,False,False,False,False,False
7C20020029930,False,False,True,False,False,False,False,False,False,False
7C20020029932,False,False,False,False,True,False,False,False,False,False
7C20020029933,True,False,False,False,False,False,False,False,False,False
7C20020029943,False,False,False,True,True,False,False,False,False,False
7C20020029945,False,False,False,True,False,False,False,False,False,False
7C20020029947,False,False,True,False,False,False,False,False,False,False
7C20020029949,False,True,False,True,False,False,False,False,False,False
7C20020029953,False,False,False,True,False,False,False,False,False,False
7C20020029968,True,False,False,False,False,False,False,False,False,False
7C20020029969,False,False,True,False,False,False,False,False,False,False
7C20020029971,False,False,False,True,False,False,False,False,False,False
7C20020029973,False,False,False,False,False,False,True,False,False,False
7C20020029975,False,False,False,False,False,False,True,False,False,False
7C20020029976,False,False,False,False,False,True,False,False,False,False
7C20020029980,False,False,True,False,False,False,False,False,False,False
7C20020029981,False,False,True,False,False,False,False,False,False,False
7C20020029982,False,False,False,False,False,False,True,False,False,False
7C20020029983,False,False,False,True,False,False,False,False,False,False
7C20020029985,False,False,False,False,True,False,False,False,False,False
7C20020029989,False,False,False,False,False,False,True,False,False,False
7C20020029991,False,False,True,False,False,False,False,False,False,False
7C20020029993,False,False,False,False,False,False,True,False,False,False
7C20020029996,False,True,False,False,True,False,False,False,False,False
7C20020030002,False,True,False,False,False,False,False,False,False,False
7C20020030003,False,False,False,False,False,False,False,False,True,True
7C20020030006,True,False,False,False,False,False,False,False,False,False
7C20020030009,False,False,False,True,False,False,False,False,False,False
7C20020030012,False,False,False,False,False,True,False,False,False,False
7C20020030014,False,False,True,False,False,False,True,False,False,False
7C20020030016,False,False,False,False,False,False,True,False,False,False
7C20020030019,False,True,False,False,True,False,False,False,False,False
7C20020030024,False,False,False,False,False,False,True,False,False,False
7C20020030025,False,False,False,False,False,False,True,False,False,False
7C20020030027,False,False,False,False,True,False,False,False,False,False
7C20020030028,False,False,False,False,False,False,True,False,False,False
7C20020030030,False,False,False,False,False,False,True,False,False,False
7C20020030032,False,False,False,False,False,False,True,False,False,False
7C20020030033,False,False,False,False,False,True,True,False,False,False
7C20020030034,False,False,False,False,True,False,False,False,False,False
7C20020030036,False,False,False,False,False,True,False,False,False,False
7C20020030037,False,False,False,False,False,False,True,False,False,False
7C20020030038,False,False,False,False,False,False,True,False,False,False
7C20020030039,False,False,False,False,False,False,True,False,False,False
7C20020030040,False,False,False,False,False,False,True,False,False,False
7C20020030043,False,False,False,True,False,False,False,False,False,False
7C20020030048,False,False,False,True,False,False,False,False,False,False
7C20020030051,False,False,False,False,True,True,True,False,False,False
7C20020030062,False,False,False,True,False,False,True,False,False,False
7C20020030066,False,False,False,False,False,False,True,False,False,False
7C20020030075,True,False,False,False,False,False,False,False,False,False
7C20020030078,False,False,False,True,False,False,False,False,False,False
7C20020030088,False,False,False,False,True,False,False,False,False,False
7C20020030089,False,False,True,False,False,False,False,False,False,False
7C20020030099,False,False,False,False,False,False,False,False,False,True
7C20020030106,False,True,False,False,False,False,False,False,False,False
7C20020030107,False,False,False,True,False,False,False,False,False,False
7C20020030109,False,False,False,False,False,True,True,False,False,False
7C20020030124,False,False,False,False,False,False,True,False,False,False
7C20020030125,False,False,False,True,False,False,False,False,False,False
7C20020030131,False,False,False,False,False,True,True,False,False,False
7C20020030139,False,False,False,False,False,True,True,False,False,False
7C20020030140,False,False,False,False,False,False,True,False,False,False
7C20020030142,False,False,False,False,False,False,True,False,False,False
7C20020030144,False,False,False,False,False,False,True,False,False,False
7C20020030145,False,False,False,False,False,False,True,False,False,False
7C20020030148,False,False,False,False,False,False,True,False,False,False
7C20020030149,False,False,False,False,False,False,True,False,False,False
7C20020030150,False,False,False,False,False,True,True,False,False,False
7C20020030152,False,False,False,False,False,True,False,False,False,False
7C20020030153,False,False,False,False,False,False,True,False,False,False
7C20020030155,False,False,False,False,False,False,True,False,False,False
7C20020030157,True,False,False,False,False,False,False,False,False,False
7C20020030159,False,False,False,False,False,True,True,False,False,False
7C20020030166,False,False,False,False,True,False,False,False,False,False
7C20020030168,False,False,False,False,False,False,True,False,False,False
7C20020030172,False,False,False,False,True,False,False,False,False,False
7C20020030182,False,False,False,False,True,False,True,False,False,False
7C20020030183,False,False,False,False,False,False,True,False,False,True
7C20020030184,False,False,False,False,False,True,False,False,False,False
7C20020030185,False,False,False,True,False,False,False,False,False,False
7C20020030189,False,False,False,True,False,False,False,False,False,False
7C20020030192,False,False,False,True,False,False,True,False,False,False
7C20020030193,True,False,False,False,False,False,False,False,False,False
7C20020030199,True,False,False,False,False,False,False,False,False,False
7C20020030206,False,True,False,False,False,False,False,False,False,False
7C20020030212,True,False,False,False,True,False,False,False,True,False
7C20020030219,False,False,False,False,True,False,False,False,False,False
7C20020030229,False,False,False,False,False,True,False,False,False,False
7C20020030230,True,False,False,False,False,False,False,False,False,False
7C20020030239,False,False,False,False,False,False,True,False,False,False
7C20020030248,False,False,True,False,False,False,False,False,False,False
7C20020030254,False,False,False,False,False,True,False,False,False,False
7C20020030255,False,False,False,False,False,False,True,False,False,False
7C20020030256,False,False,False,False,True,False,False,False,False,False
7C20020030258,False,False,False,False,False,False,True,False,False,False
7C20020030261,False,False,False,False,False,True,False,False,False,False
7C20020030262,False,False,False,False,False,True,True,False,False,False
7C20020030267,True,False,False,False,False,False,False,False,False,False
7C20020030271,False,False,False,False,False,False,True,False,False,False
7C20020030273,False,False,False,False,False,True,True,False,False,False
7C20020030275,False,False,False,False,False,True,False,False,False,False
7C20020030277,False,False,False,False,True,False,True,False,False,False
7C20020030281,False,False,False,False,False,False,True,False,False,False
7C20020030284,True,False,False,False,False,False,False,False,False,False
7C20020030288,False,False,False,False,False,True,True,False,False,False
7C20020030293,False,False,False,False,False,True,True,False,False,False
7C20020030294,False,False,False,False,False,False,True,False,False,False
7C20020030295,False,False,False,False,False,True,True,False,False,False
7C20020030297,True,False,False,False,False,False,False,False,False,False
7C20020030318,False,True,False,False,False,False,False,False,False,False
7C20020030321,True,False,False,False,False,False,False,False,False,False
7C20020030322,True,False,False,False,False,False,False,False,False,False
7C20020030323,False,False,False,False,False,True,False,False,False,False
7C20020030326,True,False,False,False,False,True,True,False,False,False
7C20020030333,False,False,False,False,False,False,True,False,False,False
7C20020030347,False,False,False,True,True,False,False,False,False,False
7C20020030348,False,False,False,False,False,False,True,False,False,False
7C20020030365,False,False,False,False,False,False,True,False,False,False
7C20020030368,False,False,True,False,False,False,False,False,False,False
7C20020030371,False,False,True,True,False,False,False,False,False,False
7C20020030372,True,False,False,False,False,False,False,False,False,False
7C20020030378,False,False,False,True,False,False,False,False,False,False
7C20020030380,False,False,False,True,False,False,False,False,False,False
7C20020030381,False,False,False,True,False,False,True,False,False,False
7C20020030382,False,False,False,True,False,False,False,False,False,False
7C20020030385,False,False,False,True,False,False,True,False,False,False
7C20020030386,False,True,False,False,False,False,False,False,False,False
7C20020030390,False,False,False,False,False,True,False,False,False,False
7C20020030395,False,False,False,True,True,False,False,False,False,False
7C20020030401,False,False,False,False,False,False,True,False,False,False
7C20020030404,False,False,True,False,False,False,False,False,False,False
7C20020030412,False,False,False,False,True,False,False,False,False,False
7C20020030416,False,False,False,False,True,False,False,False,False,False
7C20020030417,False,False,False,False,False,True,False,False,False,False
7C20020030420,True,False,False,False,False,False,True,False,False,False
7C20020030422,False,False,False,False,False,True,False,False,False,False
7C20020030424,False,False,False,False,False,False,True,False,False,False
7C20020030425,False,True,False,False,True,False,False,False,True,False
7C20020030426,False,False,False,False,False,True,False,False,False,False
7C20020030427,False,False,False,False,False,False,True,False,False,False
7C20020030428,False,False,False,False,True,False,False,False,False,False
7C20020030429,False,False,True,False,False,False,False,False,False,False
7C20020030430,False,False,False,False,False,True,False,False,False,False
7C20020030434,False,False,False,True,False,False,False,False,False,False
7C20020030437,False,False,False,False,False,False,True,False,False,False
7C20020030438,False,False,False,False,False,False,True,False,False,False
7C20020030439,False,False,False,False,False,False,True,False,False,False
7C20020030440,False,False,False,False,False,False,True,False,False,False
7C20020030445,False,False,False,False,False,False,True,False,False,False
7C20020030447,False,False,False,False,False,True,True,False,False,False
7C20020030449,False,False,False,False,False,True,False,False,False,False
7C20020030452,False,False,False,False,False,False,True,False,False,False
7C20020030455,False,False,False,False,False,False,True,False,False,False
7C20020030457,False,True,False,False,False,False,False,False,False,False
7C20020030467,True,False,False,False,False,False,False,False,False,False
7C20020030471,False,False,False,False,True,False,False,False,False,False
7C20020030473,False,False,False,False,False,False,True,False,False,False
7C20020030479,False,False,True,False,False,False,False,False,False,False
7C20020030483,False,False,False,True,True,False,False,False,False,False
7C20020030487,False,True,False,False,False,False,False,False,False,False
7C20020030492,True,False,False,False,False,False,False,False,False,False
7C20020030494,False,False,False,False,True,False,False,False,False,False
7C20020030497,False,False,False,True,False,False,False,False,False,False
7C20020030500,False,False,False,True,False,False,False,False,False,False
7C20020030501,False,False,False,False,True,False,False,False,False,False
7C20020030503,False,False,False,False,False,False,True,False,False,False
7C20020030513,False,False,False,False,False,False,True,False,False,False
7C20020030517,False,False,False,False,False,False,True,False,False,False
7C20020030518,False,True,False,True,False,False,False,False,False,False
7C20020030530,False,False,False,True,False,False,False,False,False,False
7C20020030531,False,False,False,True,False,False,False,False,False,False
7C20020030539,False,False,False,False,True,False,True,False,False,False
7C20020030541,False,False,True,False,False,False,False,False,False,False
7C20020030544,False,False,False,True,False,False,False,False,False,False
7C20020030545,False,False,False,True,False,False,False,False,False,False
7C20020030551,False,True,False,False,False,False,False,False,False,False
7C20020030553,False,False,False,False,False,False,True,False,False,False
7C20020030556,False,False,False,False,False,False,True,False,False,False
7C20020030560,False,False,False,False,False,False,True,False,False,False
7C20020030562,False,True,False,False,False,False,True,False,False,False
7C20020030565,False,False,False,False,False,True,False,False,False,False
7C20020030566,False,False,False,False,True,False,False,False,False,False
7C20020030569,True,False,False,False,False,False,False,False,False,False
7C20020030572,False,False,False,False,False,False,True,False,False,False
7C20020030578,False,False,True,False,False,False,False,False,False,False
7C20020030579,False,False,False,False,False,False,True,False,False,False
7C20020030580,False,False,False,False,False,False,True,False,False,False
7C20020030584,False,False,False,False,True,False,False,False,False,False
7C20020030593,False,True,False,False,False,False,False,False,False,False
7C20020030594,True,False,False,False,False,False,False,False,False,False
7C20020030595,False,False,True,False,False,False,False,False,False,False
7C20020030600,False,False,True,False,False,False,False,False,False,False
7C20020030603,False,False,False,False,False,False,True,False,False,False
7C20020030607,False,False,False,True,False,False,False,False,False,False
7C20020030609,False,False,False,True,False,False,False,False,False,False
7C20020030613,False,False,False,True,False,False,False,False,False,False
7C20020030617,False,False,False,True,False,False,False,False,False,False
7C20020030619,False,False,False,False,False,False,True,False,False,False
7C20020030631,False,False,False,True,False,False,False,False,False,False
7C20020030634,False,False,False,False,True,False,False,False,False,False
7C20020030636,False,False,False,True,False,False,False,False,False,False
7C20020030637,False,True,False,False,False,False,False,False,False,False
7C20020030646,False,False,False,False,True,False,False,False,False,False
7C20020030651,False,False,False,False,True,False,False,False,False,False
7C20020030652,True,False,False,False,False,False,False,False,False,False
7C20020030654,False,False,True,False,False,False,True,False,False,False
7C20020030660,False,True,False,False,False,False,False,False,False,False
7C20020030664,True,False,False,True,False,False,False,False,False,False
7C20020030666,False,False,True,False,False,False,False,False,False,False
7C20020030675,False,False,False,False,True,False,True,False,False,False
7C20020030676,False,False,True,False,False,False,False,False,False,False
7C20020030679,False,False,False,True,False,False,False,False,False,False
7C20020030680,False,False,False,False,False,True,False,False,False,False
7C20020030684,False,False,False,True,False,False,False,False,False,False
7C20020030688,False,True,False,False,False,False,False,False,False,False
7C20020030689,False,False,True,False,False,False,False,False,False,False
7C20020030694,False,True,False,False,False,False,False,False,False,False
7C20020030696,False,True,False,False,False,False,False,False,False,False
7C20020030697,True,True,False,False,False,False,False,False,False,False
7C20020030699,False,False,False,False,True,False,False,False,False,False
7C20020030701,False,False,True,False,False,False,False,False,False,False
7C20020030706,True,False,False,False,False,False,False,False,False,False
7C20020030707,False,False,False,False,False,False,True,False,False,False
7C20020030709,False,False,False,False,False,False,True,False,False,False
7C20020030710,False,False,False,False,False,False,True,False,False,False
7C20020030711,False,False,False,True,False,False,False,False,False,False
7C20020030716,False,False,False,False,False,False,True,False,False,False
7C20020030717,False,False,False,False,False,False,False,False,False,True
7C20020030724,False,False,False,False,False,False,True,False,False,False
7C20020030725,False,False,False,False,False,True,False,False,False,False
7C20020030726,False,False,False,False,False,True,True,False,False,False
7C20020030729,False,False,False,False,True,False,False,False,False,False
7C20020030730,False,False,False,False,False,False,True,False,False,False
7C20020030734,False,False,False,False,False,False,True,False,False,False
7C20020030735,True,False,False,False,True,False,False,False,False,False
7C20020030740,False,False,False,False,False,True,True,False,False,False
7C20020030741,False,False,False,False,False,False,True,False,False,False
7C20020030744,True,False,False,False,False,True,False,False,False,False
7C20020030754,False,False,False,True,True,False,False,False,False,False
7C20020030755,False,False,False,False,False,False,True,False,False,False
7C20020030756,False,False,False,False,False,False,True,False,False,False
7C20020030758,False,False,False,False,False,False,True,False,False,False
7C20020030759,False,True,False,False,False,False,False,False,False,False
7C20020030762,False,False,True,True,False,False,False,False,False,False
7C20020030763,False,False,False,False,True,False,False,False,False,False
7C20020030765,False,False,False,False,True,False,False,False,False,True
7C20020030766,False,False,False,True,False,False,False,False,False,False
7C20020030771,False,False,False,False,True,False,True,False,False,False
7C20020030774,False,False,False,False,False,False,True,False,False,False
7C20020030779,False,False,False,False,True,False,False,False,False,False
7C20020030786,False,False,True,False,False,False,False,False,False,False
7C20020030788,False,False,False,False,False,False,True,False,False,False
7C20020030790,False,False,False,True,False,False,False,False,False,False
7C20020030791,False,False,False,False,False,False,True,False,False,False
7C20020030792,False,False,False,False,False,False,True,False,False,False
7C20020030793,False,False,False,False,False,False,True,False,False,False
7C20020030794,False,False,False,False,False,False,True,False,False,False
7C20020030811,False,False,False,False,False,False,True,False,False,False
7C20020030812,True,False,False,False,False,False,False,False,False,False
7C20020030815,False,False,False,False,False,False,True,False,False,False
7C20020030817,False,False,False,True,False,False,False,False,False,False
7C20020030821,False,False,True,False,False,False,False,False,False,False
7C20020030826,False,False,False,False,False,False,False,True,False,False
7C20020030828,False,False,False,False,False,False,False,True,False,False
7C20020030834,False,False,False,False,False,False,True,False,False,False
7C20020030835,False,False,False,False,False,False,True,False,False,False
7C20020030836,False,False,False,False,False,False,False,False,False,True
7C20020030837,True,False,False,False,False,False,False,False,False,False
7C20020030839,False,True,False,False,False,False,False,False,False,False
7C20020030840,False,False,False,True,False,False,True,False,False,False
7C20020030848,False,False,False,True,False,False,False,False,False,False
7C20020030862,False,False,False,False,False,True,False,False,False,False
7C20020030863,False,False,True,False,False,False,False,False,False,False
7C20020030865,False,False,False,True,True,False,False,False,False,False
7C20020030871,False,False,False,False,True,False,False,False,False,False
7C20020030874,False,False,False,False,False,True,False,False,False,False
7C20020030875,False,False,False,False,False,False,True,False,False,False
7C20020030877,False,False,False,True,False,False,False,False,False,False
7C20020030878,False,False,False,True,False,False,True,False,False,False
7C20020030879,True,False,False,False,False,False,False,False,False,False
7C20020030884,False,False,False,False,False,True,False,False,False,False
7C20020030889,False,False,False,False,False,False,True,False,False,False
7C20020030900,False,False,False,True,False,False,False,False,False,False
7C20020030902,False,True,False,False,False,False,False,False,False,False
7C20020030906,False,False,False,True,False,False,False,False,False,False
7C20020030907,False,True,False,False,False,True,False,False,False,False
7C20020030908,False,False,False,False,False,False,True,False,False,False
7C20020030909,True,False,False,False,False,False,True,False,False,False
7C20020030910,True,False,False,False,False,False,True,False,False,False
7C20020030911,False,False,False,True,False,False,False,False,False,False
7C20020030913,False,False,False,False,False,True,True,False,False,False
7C20020030917,False,False,True,False,True,False,False,False,False,False
7C20020030919,False,False,False,False,True,False,False,False,False,False
7C20020030922,False,False,False,False,False,True,False,False,False,False
7C20020030923,False,False,False,False,False,True,False,False,False,False
7C20020030924,False,False,False,False,False,False,True,False,False,False
7C20020030925,False,False,False,False,True,False,True,False,False,False
7C20020030927,False,True,False,False,False,False,False,False,False,False
7C20020030929,False,False,False,False,False,False,True,False,False,False
7C20020030933,False,False,False,False,True,False,False,False,False,False
7C20020030934,False,False,False,True,False,False,False,False,False,False
7C20020030936,False,False,False,False,False,True,True,False,False,False
7C20020030938,False,False,False,True,False,False,False,False,False,False
7C20020030944,False,False,False,False,False,False,True,False,False,False
7C20020030945,False,False,False,False,False,False,True,False,False,False
7C20020030946,False,False,False,True,False,False,False,False,False,False
7C20020030948,False,True,False,False,False,False,False,False,False,False
7C20020030951,False,True,False,False,False,False,True,False,False,False
7C20020030952,False,False,False,False,True,False,True,False,False,False
7C20020030954,False,False,False,False,False,True,True,False,False,False
7C20020030955,False,True,False,False,False,False,False,False,False,False
7C20020030960,False,False,False,False,True,False,False,False,False,False
7C20020030962,True,False,False,False,False,False,False,False,False,False
7C20020030968,True,False,False,False,False,False,False,False,False,False
7C20020030969,False,False,False,False,False,False,True,False,False,False
7C20020030971,False,False,False,True,False,False,False,False,False,False
7C20020030975,False,False,True,False,False,False,False,False,False,False
7C20020030983,False,False,False,True,False,False,False,False,False,False
7C20020030984,False,False,False,False,False,False,True,False,False,False
7C20020030987,False,False,False,True,False,False,False,False,False,False
7C20020030995,False,False,True,False,False,False,False,False,False,False
7C20020031000,True,False,False,False,False,False,False,False,False,False
7C20020031005,False,False,False,True,False,False,False,False,False,False
7C20020031006,False,False,False,False,False,False,True,False,False,False
7C20020031009,False,False,False,False,False,False,True,False,False,False
7C20020031011,False,True,False,True,False,False,False,False,False,False
7C20020031012,False,False,False,True,False,False,True,False,False,False
7C20020031013,False,False,False,True,False,False,False,False,False,False
7C20020031015,True,True,False,False,False,False,False,False,False,False
7C20020031018,False,False,False,False,True,False,False,False,False,True
7C20020031021,False,False,True,False,False,False,False,False,False,False
7C20020031023,False,False,False,False,False,True,True,False,False,False
7C20020031027,False,False,False,True,False,False,False,False,False,False
7C20020031031,False,False,False,True,False,False,False,False,False,False
7C20020031033,False,False,False,False,False,True,True,False,False,False
7C20020031034,False,False,False,False,False,False,True,False,False,False
7C20020031035,False,False,False,False,False,True,False,False,False,False
7C20020031036,True,True,False,False,True,False,False,False,False,False
7C20020031037,False,False,False,True,False,False,True,False,False,False
7C20020031039,False,False,False,False,True,True,False,False,False,False
7C20020031040,False,True,False,False,False,False,False,False,False,False
7C20020031041,False,False,False,False,False,False,True,False,False,False
7C20020031044,False,False,False,False,False,False,True,False,False,False
7C20020031045,False,False,False,False,False,False,True,False,False,False
7C20020031046,False,False,False,True,False,False,False,False,False,False
7C20020031058,False,False,False,False,False,False,True,False,False,False
7C20020031063,False,False,False,True,False,False,False,False,False,False
7C20020031064,False,False,False,False,False,False,True,False,False,False
7C20020031065,False,False,False,False,False,False,True,False,False,False
7C20020031066,False,False,False,False,False,False,True,False,False,False
7C20020031071,False,True,False,False,False,False,False,False,False,False
7C20020031072,False,False,False,False,False,False,True,False,False,False
7C20020031073,False,False,False,False,False,False,True,False,False,False
7C20020031075,False,False,False,False,False,False,True,False,False,False
7C20020031076,False,False,False,True,False,False,False,False,False,False
7C20020031077,False,False,False,False,True,False,False,False,False,False
7C20020031086,False,False,False,False,False,False,True,False,False,False
7C20020031087,False,False,False,False,False,False,False,True,False,False
7C20020031095,False,False,True,True,False,False,False,False,False,False
7C20020031104,False,False,True,False,False,False,False,False,False,False
7C20020031114,False,False,True,False,False,False,False,False,False,False
7C20020031122,False,False,False,True,False,False,True,False,False,False
7C20020031124,False,False,False,False,False,False,True,False,False,False
7C20020031125,False,False,True,False,False,False,False,False,False,False
7C20020031127,False,False,False,True,False,False,False,False,False,False
7C20020031130,False,False,False,True,False,False,False,False,False,False
7C20020031131,False,False,False,False,False,False,True,False,False,False
7C20020031134,False,False,False,False,False,True,False,False,False,False
7C20020031139,False,False,False,False,False,True,False,False,False,False
7C20020031142,True,False,False,False,False,False,False,False,False,False
7C20020031144,False,True,False,False,False,False,True,False,False,False
7C20020031150,False,False,False,True,False,False,False,False,False,False
7C20020031153,False,False,False,True,False,False,False,False,False,False
7C20020031158,False,False,False,True,False,False,True,False,False,False
7C20020031162,False,False,False,True,True,False,False,False,False,False
7C20020031164,False,False,False,True,False,False,False,False,False,False
7C20020031166,False,True,False,False,False,False,True,False,False,False
7C20020031173,False,False,False,False,False,False,True,False,False,False
7C20020031179,False,True,False,False,False,False,False,False,False,False
7C20020031184,False,False,False,True,False,False,True,False,False,False
7C20020031185,False,False,False,False,False,False,True,False,False,False
7C20020031189,False,False,False,False,False,False,True,False,False,False
7C20020031190,False,True,False,False,False,False,False,False,False,False
7C20020031191,False,True,False,False,False,False,False,False,False,False
7C20020031200,False,False,False,False,False,True,False,False,False,False
7C20020031206,False,False,False,False,True,False,False,False,False,False
7C20020031207,False,False,False,False,False,True,False,False,False,False
7C20020031209,False,False,False,False,False,True,False,False,False,False
7C20020031210,False,False,False,False,False,True,True,False,False,False
7C20020031211,False,False,False,False,False,True,True,False,False,False
7C20020031213,False,False,False,False,False,False,True,False,False,False
7C20020031215,False,False,False,False,False,False,True,False,False,False
7C20020031217,False,False,False,False,True,False,False,False,False,False
7C20020031224,False,False,False,False,False,False,True,False,False,False
7C20020031225,False,False,False,True,False,False,False,False,False,False
7C20020031226,False,False,False,True,False,False,True,False,False,False
7C20020031227,True,False,False,False,False,False,False,False,False,False
7C20020031228,False,False,True,False,False,False,False,False,False,False
7C20020031231,True,False,False,False,False,False,False,False,False,False
7C20020031234,False,False,False,False,False,False,True,False,False,False
7C20020031236,False,False,False,True,False,True,True,False,False,False
7C20020031240,False,False,False,False,False,True,False,False,False,False
7C20020031243,False,True,False,False,False,False,True,False,False,False
7C20020031244,False,False,False,False,False,True,True,False,False,False
7C20020031245,False,False,False,False,False,False,True,False,False,False
7C20020031247,False,False,False,True,False,False,False,False,False,False
7C20020031249,False,False,False,False,False,False,True,False,False,False
7C20020031251,False,False,False,False,False,False,True,False,False,False
7C20020031255,False,False,False,False,False,False,True,False,False,False
7C20020031259,False,False,False,True,False,False,False,False,False,False
7C20020031264,True,False,False,False,False,False,False,False,False,False
7C20020031265,False,False,False,True,False,False,False,False,False,False
7C20020031269,False,False,False,True,True,True,False,False,False,True
7C20020031270,False,False,False,False,False,True,False,False,False,False
7C20020031271,False,False,True,False,False,False,False,False,False,False
7C20020031272,False,False,False,True,False,False,False,False,False,False
7C20020031278,True,False,False,False,False,False,False,False,False,False
7C20020031281,False,False,False,False,False,True,False,False,False,False
7C20020031284,False,False,True,False,False,False,False,False,False,False
7C20020031298,False,False,False,True,False,False,False,False,False,False
7C20020031304,False,False,True,False,False,False,False,False,False,False
7C20020031305,False,False,False,False,True,False,False,False,False,False
7C20020031308,False,True,False,False,False,False,False,False,False,False
7C20020031309,False,True,False,False,False,False,False,False,False,False
7C20020031310,True,True,False,False,False,False,False,False,False,False
7C20020031312,False,False,False,True,False,False,False,False,False,False
7C20020031327,False,False,False,False,False,True,False,False,False,False
7C20020031328,False,False,False,True,True,False,False,False,False,False
7C20020031337,False,False,True,True,False,True,False,False,False,False
7C20020031345,False,False,False,True,False,False,False,False,False,False
7C20020031347,False,False,False,False,False,False,True,False,False,False
7C20020031349,False,False,False,False,False,True,False,False,False,False
7C20020031352,False,False,False,False,False,True,False,False,False,False
7C20020031354,False,False,False,False,False,False,True,False,False,False
7C20020031360,False,False,False,False,True,False,False,False,False,False
7C20020031361,True,False,False,True,False,False,True,False,False,False
7C20020031363,False,False,False,False,False,False,True,False,False,False
7C20020031366,False,False,False,True,True,False,False,False,False,False
7C20020031369,False,False,False,False,False,True,False,False,False,False
7C20020031370,False,False,False,False,False,True,True,False,False,False
7C20020031372,False,False,False,False,False,False,False,False,False,True
7C20020031377,False,False,True,False,False,False,False,False,False,False
7C20020031382,False,False,False,True,False,False,False,False,False,False
7C30020045629,False,False,False,True,False,False,False,False,False,False
7C30020045630,False,False,False,True,False,False,False,False,False,False
7C30020045634,False,False,False,False,False,False,True,False,False,False
7C30020045635,False,False,False,False,True,False,False,False,False,False
7C30020045638,False,False,False,True,False,False,False,False,False,False
7C30020045641,False,False,False,False,False,False,True,False,False,False
7C30020045645,False,False,False,False,False,False,True,False,False,False
7C30020045646,False,False,False,False,False,False,True,False,False,False
7C30020045647,False,False,False,False,False,False,True,False,False,False
7C30020045648,False,False,False,False,False,False,True,False,False,False
7C30020045656,False,False,False,False,False,False,False,False,False,True
7C30020045669,False,False,False,True,False,False,False,False,False,False
7C30020045671,False,False,False,False,False,False,True,False,False,False
7C30020045672,False,False,True,False,False,False,False,False,False,False
7C30020045674,False,False,False,False,True,False,False,False,False,False
7C30020045677,True,False,False,False,False,True,False,False,False,False
7C30020045678,False,True,False,False,False,False,False,False,False,False
7C30020045680,False,False,False,False,False,True,True,False,False,False
7C30020045681,False,False,False,False,False,False,True,False,False,False
7C30020045682,False,False,False,False,False,False,True,False,False,False
7C30020045689,False,False,False,False,True,False,False,False,False,False
7C30020045701,False,False,False,True,False,False,False,False,False,False
7C30020045703,False,False,False,False,False,True,False,False,False,False
7C30020045705,False,False,False,False,False,False,True,False,False,False
7C30020045708,False,False,False,False,False,True,True,False,False,False
7C30020045709,False,False,False,True,False,False,False,False,False,False
7C30020045712,False,False,False,False,False,False,False,False,False,True
7C30020045722,True,False,False,False,False,False,False,False,False,False
7C30020045724,False,False,False,False,False,False,True,False,False,False
7C30020045726,False,False,False,False,True,False,False,False,False,False
7C30020045727,False,False,False,True,False,False,False,False,False,False
7C30020045737,False,False,False,True,False,False,False,False,False,False
7C30020045740,False,False,False,True,False,False,False,False,False,False
7C30020045750,False,False,False,False,False,True,False,False,False,False
7C30020045752,True,False,False,False,False,False,False,False,False,False
7C30020045759,False,False,True,False,False,False,False,False,False,False
7C30020045762,False,False,False,True,False,False,False,False,False,False
7C30020045765,False,False,False,False,False,False,True,False,False,False
7C30020045768,False,False,False,True,False,False,False,False,False,False
7C30020045770,False,False,False,True,True,False,False,False,False,False
7C30020045773,False,False,True,False,False,False,False,False,False,False
7C30020045777,False,False,False,True,True,False,False,False,False,False
7C30020045783,False,False,False,False,False,False,True,False,False,False
7C30020045784,False,False,False,True,False,False,False,False,False,False
7C30020045789,False,False,True,False,False,False,False,False,False,False
7C30020045791,False,False,True,False,False,False,False,False,False,False
7C30020045792,False,False,False,True,True,False,False,False,False,False
7C30020045794,False,False,True,False,False,False,False,False,False,True
7C30020045796,False,False,False,False,False,False,True,False,False,False
7C30020045800,False,False,False,True,False,False,False,False,False,False
7C30020045801,False,False,False,True,False,False,False,False,False,False
7C30020045805,False,False,False,True,False,False,False,False,False,False
7C30020045813,False,False,False,False,True,False,False,False,False,False
7C30020045815,False,False,False,True,False,False,False,False,False,False
7C30020045819,False,False,False,False,False,False,True,False,False,False
7C30020045824,False,False,False,True,False,False,False,False,False,False
7C30020045827,False,False,False,True,False,False,False,False,False,False
7C30020045831,False,False,True,False,False,False,False,False,False,False
7C30020045839,False,False,False,False,True,False,False,False,False,False
7C30020045842,False,False,False,False,False,False,True,False,False,False
7C30020045843,False,True,False,False,False,False,False,False,False,False
7C30020045846,False,False,False,False,True,False,False,False,False,False
7C30020045849,False,False,False,True,False,False,False,False,False,False
7C30020045850,False,False,False,True,True,False,False,False,False,False
7C30020045858,True,False,False,False,False,False,False,False,False,False
7C30020045860,False,False,False,False,True,False,False,False,False,False
7C30020045861,False,False,False,False,True,False,False,False,False,False
7C30020045870,False,True,False,False,False,False,False,False,False,False
7C30020045873,False,False,False,True,False,False,False,False,False,False
7C30020045879,False,False,False,False,False,False,True,False,False,False
7C30020045880,False,False,True,False,False,False,False,False,False,False
7C30020045882,False,False,False,False,False,False,True,False,False,False
7C30020045885,False,False,False,False,False,False,True,False,False,False
7C30020045887,False,False,False,True,False,False,False,False,False,False
7C30020045888,True,False,False,False,False,True,False,False,False,False
7C30020045893,False,False,False,False,False,True,False,False,False,False
7C30020045894,False,False,False,False,False,False,True,False,False,False
7C30020045896,False,False,False,False,False,False,True,False,False,False
7C30020045897,False,True,False,False,False,False,False,False,False,False
7C30020045899,False,False,False,False,False,False,True,False,False,False
7C30020045902,False,False,False,True,False,False,False,False,False,False
7C30020045906,True,False,False,False,False,False,False,False,False,False
7C30020045908,False,False,False,False,True,False,False,False,False,False
7C30020045909,False,False,False,False,False,False,True,False,False,False
7C30020045911,False,False,False,False,False,False,True,False,False,False
7C30020045915,False,True,False,False,False,False,False,False,False,False
7C30020045916,False,False,False,True,False,False,False,False,False,False
7C30020045919,False,False,False,True,False,False,False,False,False,False
7C30020045921,False,False,False,False,False,False,True,False,False,False
7C30020045926,True,False,False,False,False,False,False,False,False,False
7C30020045931,False,False,False,False,False,False,True,False,False,False
7C30020045936,True,True,False,False,False,False,False,False,False,True
7C30020045941,False,True,False,False,False,False,False,False,False,False
7C30020045942,False,False,False,True,False,False,False,False,False,False
7C30020045951,False,False,False,True,False,False,False,False,False,False
7C30020045954,False,True,False,False,False,False,False,False,False,False
7C30020045961,False,False,False,False,False,False,True,False,False,False
7C30020045973,False,False,False,False,True,False,False,False,False,False
7C30020045974,False,False,True,False,False,False,False,False,False,False
7C30020045977,False,False,False,True,False,False,False,False,False,False
7C30020045983,False,False,False,False,True,False,False,False,False,False
7C30020045985,True,False,False,False,True,True,True,False,False,False
7C30020045986,True,False,False,False,True,True,True,False,False,False
7C30020045992,False,False,False,False,True,False,False,False,False,False
7C30020045996,False,False,True,True,False,True,False,False,False,False
7C30020045998,False,False,False,True,False,False,False,False,False,False
7C30020046009,False,False,False,True,False,False,False,False,False,False
7C30020046012,False,False,False,True,False,False,False,False,False,False
7C30020046027,False,False,False,True,False,False,False,False,False,False
7C30020046030,False,False,False,False,True,False,False,False,False,False
7C30020046035,False,False,False,False,False,False,False,False,False,True
7C30020046036,False,True,False,False,False,False,False,False,False,False
7C30020046038,True,False,False,False,False,False,False,False,False,False
7C30020046043,True,False,False,False,True,False,False,False,False,False
7C30020046061,False,False,False,True,False,False,False,False,False,False
7C30020046064,False,False,False,True,False,False,False,False,False,False
7C30020046072,False,False,True,False,False,True,False,False,False,False
7C30020046074,False,False,False,False,False,False,True,False,False,False
7C30020046078,False,False,False,False,True,False,False,False,False,False
7C30020046080,False,False,True,False,False,False,False,False,False,False
7C30020046082,False,False,False,True,True,False,False,False,False,False
7C30020046083,False,False,False,False,False,False,True,False,False,False
7C30020046084,False,False,False,True,False,False,False,False,False,False
7C30020046091,False,False,False,False,False,False,True,False,False,False
7C30020046092,True,False,False,False,False,False,False,False,False,False
7C30020046095,False,False,False,False,False,False,True,False,False,False
7C30020046096,False,False,True,False,False,False,False,False,False,False
7C30020046097,False,False,False,True,False,False,False,False,False,True
7C30020046099,False,False,False,False,True,True,False,False,False,False
7C30020046101,False,False,False,False,False,False,True,False,False,False
7C30020046106,False,False,False,True,False,False,False,False,False,False
7C30020046112,True,False,False,False,False,False,False,False,False,False
7C30020046123,False,False,False,False,False,True,False,False,False,False
7C30020046129,False,False,False,True,False,False,False,False,False,False
7C30020046130,False,False,False,True,False,False,False,False,False,False
7C30020046131,False,False,False,True,False,False,True,False,False,False
7C30020046133,False,False,False,False,False,False,True,False,False,False
7C30020046140,False,False,True,False,False,False,False,False,False,False
7C30020046144,False,False,False,False,False,False,True,False,False,False
7C30020046145,False,False,False,False,False,False,True,False,False,False
7C30020046149,False,False,False,True,False,False,False,False,False,False
7C30020046151,False,False,False,True,False,False,False,False,False,False
7C30020046155,False,False,False,False,False,False,True,False,False,False
7C30020046157,False,False,False,False,True,False,False,False,False,False
7C30020046159,False,False,True,False,False,False,False,False,False,False
7C30020046160,False,False,False,True,False,False,False,False,False,False
7C30020046163,False,False,False,False,True,False,False,False,False,False
7C30020046164,False,False,True,False,False,False,False,False,False,False
7C30020046171,False,False,False,False,False,False,True,False,False,False
7C30020046172,False,False,False,False,False,False,True,False,False,False
7C30020046173,False,False,False,False,False,False,True,False,False,False
7C30020046175,False,False,False,False,False,False,True,False,False,False
7C30020046176,False,False,False,False,False,True,False,False,False,False
7C30020046178,False,False,False,False,False,False,True,False,False,False
7C30020046179,False,False,False,False,False,False,True,False,False,False
7C30020046182,False,False,False,False,False,True,True,False,False,False
7C30020046183,False,False,False,False,False,False,True,False,False,False
7C30020046184,False,False,False,False,False,True,True,False,False,False
7C30020046187,False,False,False,False,False,False,True,False,False,False
7C30020046189,False,False,False,False,False,True,True,False,False,False
7C30020046190,False,False,False,True,False,False,False,False,False,False
7C30020046193,False,False,False,False,False,False,True,False,False,False
7C30020046195,False,False,False,False,False,False,True,False,False,False
7C30020046200,False,False,False,False,False,False,True,False,False,False
7C30020046202,False,False,True,False,False,False,False,False,False,False
7C30020046207,False,False,False,False,False,False,True,False,False,False
7C30020046208,False,False,False,False,False,False,True,False,False,False
7C30020046210,False,False,False,False,False,True,False,False,False,False
7C30020046211,False,False,False,False,False,False,True,False,False,False
7C30020046215,False,False,False,True,False,False,False,False,False,False
7C30020046217,False,False,False,False,False,False,True,False,False,False
7C30020046219,False,False,False,False,False,False,True,False,False,False
7C30020046220,False,False,False,False,False,False,True,False,False,False
7C30020046225,False,False,False,False,False,False,True,False,False,False
7C30020046228,False,False,False,False,False,False,True,False,False,False
7C30020046231,False,False,False,False,False,False,True,False,False,False
7C30020046238,False,False,False,False,False,False,True,False,False,False
7C30020046243,False,False,False,False,False,False,True,False,False,False
7C30020046246,False,False,False,True,False,False,False,False,False,False
7C30020046254,False,False,False,False,False,False,True,False,False,False
7C30020046256,False,False,False,True,False,False,False,False,False,False
7C30020046260,False,False,True,False,False,False,False,False,False,False
7C30020046262,False,False,True,False,False,False,False,False,False,False
7C30020046267,False,False,False,False,True,False,False,False,False,False
7C30020046268,False,False,False,False,False,False,True,False,False,False
7C30020046283,False,False,False,True,False,False,False,False,False,False
7C30020046287,False,False,False,True,False,False,False,False,False,False
7C30020046288,False,False,False,True,False,False,False,False,False,False
7C30020046296,False,False,False,True,False,False,False,False,False,False
7C30020046297,True,False,False,False,False,False,False,False,False,False
7C30020046298,False,False,False,False,False,False,True,False,False,False
7C30020046300,False,False,False,False,False,False,True,False,False,False
7C30020046301,False,False,False,False,False,True,False,False,False,False
7C30020046307,False,False,False,False,False,True,True,False,False,False
7C30020046311,False,False,False,False,False,False,True,False,False,False
7C30020046320,True,False,False,False,False,False,False,False,False,False
7C30020046321,True,False,False,False,False,False,False,False,False,False
7C30020046324,False,False,False,True,False,False,False,False,False,False
7C30020046330,False,True,False,True,False,False,False,False,False,False
7C30020046332,False,False,False,False,False,False,True,False,False,False
7C30020046338,False,False,False,False,False,False,True,False,False,False
7C30020046340,False,False,True,False,False,False,False,False,False,False
7C30020046342,False,False,False,False,False,True,False,False,False,False
7C30020046348,False,False,False,True,True,False,False,False,False,False
7C30020046360,False,True,False,False,False,False,False,False,False,False
7C30020046361,False,False,False,True,False,False,False,False,False,False
7C30020046363,False,False,False,False,False,True,True,False,False,False
7C30020046366,False,False,False,False,False,False,True,False,False,False
7C30020046379,False,False,False,False,True,False,False,False,False,False
7C30020046382,False,False,False,False,True,False,False,False,False,False
7C30020046383,False,False,False,False,True,False,False,False,False,False
7C30020046386,False,False,True,False,False,False,False,False,False,False
7C30020046393,True,True,False,True,False,False,False,False,False,False
7C30020046405,False,False,False,True,False,False,False,False,False,False
7C30020046409,True,False,False,False,False,False,False,False,False,False
7C30020046410,False,False,False,True,False,False,False,False,False,False
7C30020046411,False,False,False,True,False,False,False,False,False,False
7C30020046416,False,True,False,False,False,False,False,False,False,False
7C30020046424,False,False,False,False,True,False,False,False,False,False
7C30020046425,False,False,False,False,False,True,False,False,False,False
7C30020046427,False,False,False,False,False,True,False,False,False,False
7C30020046429,False,False,False,True,True,False,False,False,False,False
7C30020046434,False,False,False,False,False,False,True,False,False,False
7C30020046435,False,False,False,False,False,False,True,False,False,False
7C30020046437,True,False,False,False,False,False,False,False,False,False
7C30020046438,False,False,False,False,False,True,False,False,False,False
7C30020046440,False,False,False,False,False,False,True,False,False,False
7C30020046442,False,False,False,False,False,True,True,False,False,False
7C30020046445,False,False,False,True,False,False,False,False,False,False
7C30020046446,False,False,False,False,False,True,False,False,False,False
7C30020046447,False,False,False,False,False,True,False,False,False,False
7C30020046448,True,False,False,False,False,False,False,False,False,False
7C30020046452,True,False,False,False,True,False,False,False,False,False
7C30020046456,False,True,False,False,False,False,False,False,False,False
7C30020046464,False,False,True,False,False,False,False,False,False,False
7C30020046467,False,False,False,False,True,False,False,False,False,False
7C30020046470,False,True,False,False,False,False,False,False,False,False
7C30020046473,False,False,False,True,False,False,True,False,False,False
7C30020046476,False,False,False,True,False,False,False,False,False,False
7C30020046480,True,False,False,False,False,False,False,False,False,False
7C30020046483,False,False,False,False,False,False,True,False,False,False
7C30020046484,False,False,False,True,False,False,False,False,False,False
7C30020046490,False,False,False,False,False,False,False,False,True,False
7C30020046491,True,False,False,False,True,False,True,False,False,False
7C30020046493,False,False,False,True,False,False,False,False,False,False
7C30020046495,True,False,False,False,False,False,False,False,False,False
7C30020046497,False,False,True,False,False,False,False,False,False,False
7C30020046511,False,False,False,False,False,False,True,False,False,False
7C30020046513,False,False,False,False,True,False,False,False,False,False
7C30020046525,False,False,False,False,False,True,False,False,False,False
7C30020046526,False,False,False,False,True,False,False,False,False,False
7C30020046534,False,False,False,False,False,False,True,False,False,False
7C30020046555,False,True,False,False,False,False,False,False,False,False
7C30020046563,False,False,False,True,False,False,False,False,False,False
7C30020046565,False,False,True,False,False,False,False,False,False,False
7C30020046567,False,False,False,False,False,True,False,False,False,False
7C30020046571,False,False,False,True,False,False,False,False,False,False
7C30020046576,False,False,False,True,False,False,False,False,False,False
7C30020046579,False,False,False,False,False,False,True,False,False,False
7C30020046582,False,False,False,True,False,False,False,False,False,False
7C30020046584,False,False,False,False,False,False,True,False,False,False
7C30020046599,False,True,False,True,False,False,False,False,False,False
7C30020046601,False,False,False,False,False,False,True,False,False,False
7C30020046606,False,False,True,False,False,False,False,False,False,False
7C30020046610,False,False,False,True,False,False,False,False,False,False
7C30020046611,False,False,False,True,False,False,False,False,False,False
7C30020046613,False,True,False,False,False,False,False,False,False,False
7C30020046614,False,False,False,False,True,False,False,False,False,False
7C30020046618,True,False,False,False,False,False,False,False,False,False
7C30020046624,False,False,False,False,True,False,False,False,False,False
7C30020046627,False,False,False,False,False,False,True,False,False,False
7C30020046640,False,False,False,False,False,False,True,False,False,False
7C30020046641,False,False,False,False,True,False,False,False,False,False
7C30020046642,True,False,False,False,False,False,False,False,False,False
7C30020046645,False,True,False,False,False,False,False,False,False,False
7C30020046648,True,False,False,True,False,False,False,False,False,False
7C30020046653,False,False,False,True,False,False,False,False,False,False
7C30020046654,False,False,True,False,False,False,False,False,False,False
7C30020046659,False,False,False,True,False,False,False,False,False,False
7C30020046665,False,False,False,False,False,False,True,False,False,False
7C30020046667,False,False,False,True,False,False,False,False,False,False
7C30020046669,False,False,False,False,False,False,True,False,False,False
7C30020046678,False,False,False,False,True,False,False,False,False,False
7C30020046680,True,False,False,False,False,False,False,False,False,False
7C30020046686,False,False,False,True,False,False,False,False,False,False
7C30020046687,False,False,False,False,True,False,True,False,False,False
7C30020046689,False,False,False,False,False,True,True,False,False,False
7C30020046690,False,False,False,False,False,True,False,False,False,False
7C30020046693,False,False,False,False,True,False,False,False,False,False
7C30020046694,False,False,False,False,False,False,True,False,False,False
7C30020046697,False,False,False,True,True,False,False,False,False,False
7C30020046701,False,False,False,False,False,True,False,False,False,False
7C30020046702,False,False,False,True,True,False,False,False,False,False
7C30020046703,False,False,False,False,False,True,False,False,False,False
7C30020046707,False,True,False,False,False,False,False,False,False,False
7C30020046708,False,False,True,False,True,False,False,False,False,False
7C30020046712,False,False,False,False,False,True,True,False,False,False
7C30020046715,False,False,False,False,True,False,True,False,False,False
7C30020046718,False,False,True,False,False,False,True,False,False,False
7C30020046719,False,False,False,False,False,False,True,False,False,False
7C30020046720,False,True,False,False,False,False,False,False,False,False
7C30020046722,False,False,False,True,False,False,False,False,False,False
7C30020046727,False,False,False,True,False,False,False,False,False,False
7C30020046730,False,False,False,True,True,False,False,False,False,False
7C30020046731,True,False,False,False,False,False,False,False,False,False
7C30020046737,False,False,False,False,False,False,True,False,False,False
7C30020046739,True,False,False,False,False,False,False,False,False,False
7C30020046746,False,False,False,False,False,False,True,False,False,False
7C30020046747,False,False,False,True,False,False,False,False,False,False
7C30020046750,False,False,False,True,False,False,False,False,False,False
7C30020046754,False,False,False,True,False,False,False,False,False,False
7C30020046757,False,False,False,True,False,False,False,False,False,False
7C30020046758,False,False,False,False,False,True,False,False,False,False
7C30020046760,False,False,True,True,False,False,False,False,False,False
7C30020046765,True,False,False,False,False,False,True,False,False,False
7C30020046767,True,False,False,False,False,False,False,False,False,False
7C30020046768,False,False,False,True,False,False,False,False,False,False
7C30020046772,False,False,False,True,True,False,False,False,False,False
7C30020046776,True,False,False,False,False,False,False,False,False,False
7C30020046783,False,False,False,False,False,False,False,False,False,True
7C30020046784,False,False,False,True,False,False,False,False,False,False
7C30020046790,False,False,False,False,True,False,False,False,False,False
7C30020046793,False,False,False,True,False,False,False,False,False,False
7C30020046794,False,False,False,False,False,False,True,False,False,False
7C30020046795,True,False,False,False,False,False,False,False,False,False
7C30020046796,False,False,True,False,False,False,False,False,False,False
7C30020046797,False,False,False,False,True,False,False,False,False,False
7C30020046798,False,False,False,True,False,False,False,False,False,False
7C30020046800,False,False,False,True,False,False,False,False,False,False
7C30020046801,False,False,False,False,False,True,True,False,False,False
7C30020046808,False,False,False,True,False,False,False,False,False,False
7C30020046813,False,False,False,True,False,False,False,False,False,False
7C30020046831,False,False,True,True,False,False,False,False,False,False
7C30020046833,True,False,False,False,False,False,False,False,False,False
7C30020046840,False,False,False,True,False,False,False,False,False,False
7C30020046845,False,False,False,True,False,False,False,False,False,False
7C30020046847,False,False,False,False,False,False,True,False,False,False
7C30020046852,False,True,False,False,True,False,False,False,False,False
7C30020046857,False,False,False,False,False,False,True,False,False,False
7C30020046859,False,False,False,False,False,True,False,False,False,False
7C30020046860,False,False,False,False,False,False,True,False,False,False
7C30020046864,False,False,False,True,False,False,False,False,False,False
7C30020046866,False,True,False,False,False,False,False,False,False,False
7C30020046871,False,False,False,True,False,False,False,False,False,False
7C30020046874,False,False,False,False,False,False,True,False,False,False
7C30020046877,False,False,True,False,False,False,False,False,False,False
7C30020046879,True,False,False,False,False,False,False,False,False,False
7C30020046883,False,False,False,False,False,True,False,False,False,False
7C30020046884,False,False,False,False,True,False,False,False,False,False
7C30020046892,False,False,False,True,False,False,False,False,False,False
7C30020046894,False,False,False,True,False,False,False,False,False,False
7C30020046895,True,False,False,False,False,False,False,False,False,False
7C30020046897,False,False,False,True,False,False,False,False,False,False
7C30020046899,False,True,False,False,False,False,False,False,False,False
7C30020046906,False,False,False,True,False,False,False,False,False,False
7C30020046908,False,True,False,False,False,False,False,False,False,False
7C30020046910,False,True,False,False,False,True,False,False,False,False
7C30020046913,False,False,False,False,False,False,True,False,False,False
7C30020046918,True,True,False,False,False,False,False,False,False,False
7C30020046921,False,False,False,False,False,False,True,False,False,False
7C30020046924,False,False,False,False,True,False,False,False,False,False
7C30020046925,False,False,False,False,False,True,False,False,False,False
7C30020046926,True,False,False,False,False,False,False,False,False,False
7C30020046930,False,False,False,False,True,False,True,False,False,False
7C30020046935,False,False,False,True,False,False,False,False,False,False
7C30020046936,False,False,False,False,True,False,False,False,False,False
7C30020046939,False,False,False,False,False,False,True,False,False,False
7C30020046942,False,False,True,False,False,False,False,False,False,False
7C30020046944,False,False,False,False,True,True,True,False,False,False
7C30020046951,False,False,False,False,True,False,False,False,False,False
7C30020046964,False,False,False,True,False,False,False,False,False,False
7C30020046969,False,False,False,False,False,False,True,False,False,False
7C30020046971,False,False,False,False,False,True,False,False,False,False
7C30020046979,True,False,False,False,True,False,False,False,False,False
7C30020046980,False,False,True,False,False,False,False,False,False,False
7C30020046981,False,False,False,False,False,False,True,False,False,False
7C30020046983,False,False,False,False,False,False,True,False,False,False
7C30020046986,False,False,False,True,False,False,False,False,False,False
7C30020046993,True,False,False,False,False,False,False,False,False,False
7C30020046994,False,False,False,True,False,False,False,False,False,False
7C30020046996,False,False,True,False,False,False,False,False,False,False
7C30020046997,False,False,False,False,True,False,True,False,False,False
7C30020047000,False,False,False,True,False,False,True,False,False,False
7C30020047001,False,False,False,True,False,False,False,False,False,False
7C30020047008,False,False,False,True,False,False,False,False,False,False
7C30020047013,False,False,False,False,False,False,True,False,False,False
7C30020047014,False,False,False,False,True,False,False,False,False,False
7C30020047019,False,False,False,True,True,False,False,False,False,False
7C30020047028,False,False,False,False,True,False,False,False,False,False
7C30020047029,False,True,False,True,False,False,False,False,False,False
7C30020047030,False,False,False,True,False,False,False,False,False,False
7C30020047032,False,True,False,False,False,False,False,False,False,False
7C30020047034,False,False,False,True,False,False,False,False,False,False
7C30020047038,False,False,True,False,False,False,False,False,False,False
7C30020047039,False,False,True,False,False,False,False,False,False,False
7C30020047047,False,True,False,False,False,False,False,False,False,False
7C30020047058,False,False,False,True,False,False,True,False,False,False
7C30020047060,False,False,False,True,False,False,False,False,True,True
7C30020047071,False,False,True,False,False,False,False,False,False,False
7C30020047075,False,False,False,False,False,False,True,False,False,False
7C30020047076,False,False,True,False,False,False,False,False,False,False
7C30020047077,False,False,False,True,False,False,False,False,False,False
7C30020047089,True,False,False,False,False,False,False,False,False,False
7C30020047092,False,False,False,True,False,False,False,False,False,False
7C30020047093,False,False,False,True,False,False,False,False,False,False
7C30020047095,False,False,False,False,False,False,True,False,False,False
7C30020047102,False,False,False,False,False,False,True,False,False,False
7C30020047103,False,False,False,False,False,False,True,False,False,False
7C30020047105,True,False,False,False,False,True,True,False,False,False
7C30020047106,False,False,False,False,False,False,True,False,False,False
7C30020047109,False,False,False,False,False,True,False,False,False,False
7C30020047110,False,False,False,False,False,True,True,False,False,False
7C30020047111,False,False,False,False,False,False,True,False,False,False
7C30020047112,False,False,False,False,False,False,True,False,False,False
7C30020047113,False,False,False,False,False,False,True,False,False,False
7C30020047115,False,False,False,False,False,False,True,False,False,False
7C30020047117,False,False,False,False,False,True,False,False,False,False
7C30020047120,False,False,False,False,False,False,True,False,False,False
7C30020047121,False,False,True,False,False,False,False,False,False,False
7C30020047122,False,False,False,True,False,False,False,False,False,False
7C30020047123,False,False,False,True,False,False,False,False,False,False
7C30020047124,False,False,False,False,False,False,True,False,False,False
7C30020047125,False,False,False,False,False,False,True,False,False,False
7C30020047126,False,False,False,False,False,True,True,False,False,False
7C30020047127,False,False,False,False,False,False,True,False,False,False
7C30020047130,False,False,False,False,False,False,True,False,False,False
7C30020047131,False,False,False,True,False,False,False,False,False,False
7C30020047132,False,False,False,False,False,True,False,False,False,False
7C30020047139,False,False,False,False,False,True,False,False,False,False
7C30020047141,False,True,False,False,False,False,False,False,False,False
7C30020047162,False,False,False,True,False,False,False,False,False,False
7C30020047163,False,False,True,False,False,False,False,False,False,False
7C30020047168,False,False,False,False,False,True,True,False,False,False
7C30020047172,False,False,True,False,False,False,False,False,False,False
7C30020047174,False,False,True,False,False,False,False,False,False,False
7C30020047177,False,False,False,False,False,False,True,False,False,False
7C30020047179,False,False,False,True,False,False,False,False,False,False
7C30020047180,False,False,False,True,False,False,False,False,False,False
7C30020047181,False,False,True,False,False,False,False,False,False,False
7C30020047185,False,False,False,True,False,False,True,False,False,False
7C30020047190,False,False,True,False,False,False,False,False,False,False
7C30020047195,True,False,False,False,False,False,False,False,False,False
7C30020047196,False,False,False,False,False,False,True,False,False,False
7C30020047203,False,False,False,False,False,False,True,False,False,False
7C30020047204,False,False,False,False,False,False,True,False,False,False
7C30020047205,True,False,False,False,False,False,True,False,False,False
7C30020047207,False,False,False,True,False,False,False,False,False,False
7C30020047216,False,False,False,False,True,False,False,False,False,False
7C30020047227,False,False,False,False,False,False,True,False,False,False
7C30020047229,False,False,False,True,False,False,False,False,False,False
7C30020047232,False,False,False,True,False,False,False,False,False,False
7C30020047238,True,False,False,False,False,False,True,False,False,False
7C30020047241,False,False,False,True,False,False,False,False,False,False
7C30020047242,False,False,True,False,False,False,False,False,False,False
7C30020047243,False,False,False,False,True,False,False,False,False,False
7C30020047248,False,False,False,True,False,False,True,False,False,False
7C30020047251,True,False,False,False,True,False,False,False,False,False
7C30020047252,False,True,False,False,False,False,False,False,False,False
7C30020047256,False,False,True,False,False,False,False,False,False,False
7C30020047257,False,True,False,False,False,False,False,False,False,False
7C30020047263,False,False,True,False,False,False,False,False,False,False
7C30020047264,False,False,True,True,False,False,False,False,False,False
7C30020047267,False,False,True,False,False,False,False,False,False,False
7C30020047268,True,False,False,False,False,False,False,False,False,False
7C30020047270,False,False,False,True,False,False,False,False,False,False
7C30020047273,False,False,False,False,True,False,False,False,False,False
7C30020047275,False,False,False,False,False,False,True,False,False,False
7C30020047281,False,True,False,False,False,True,False,False,False,False
7C30020047283,False,True,False,False,False,False,False,False,False,False
7C30020047284,False,False,False,True,False,False,False,False,False,False
7C30020047285,False,False,False,True,False,False,False,False,False,False
7C30020047292,False,False,False,False,True,False,False,False,False,False
7C30020047298,False,True,False,False,False,False,False,False,False,False
7C30020047299,True,True,False,True,False,False,False,False,False,False
7C30020047301,False,False,False,False,False,True,True,False,False,False
7C30020047304,False,False,False,False,False,True,True,False,False,False
7C30020047305,True,False,False,False,False,False,False,False,False,False
7C30020047306,False,False,False,False,False,False,True,False,False,False
7C30020047309,False,False,False,True,False,False,False,False,False,False
7C30020047310,False,False,False,False,False,False,True,False,False,False
7C30020047311,False,False,False,False,False,False,True,False,False,False
7C30020047312,False,False,False,False,False,True,False,False,False,False
7C30020047313,False,False,False,False,False,False,True,False,False,False
7C30020047319,False,True,False,False,False,False,False,False,False,False
7C30020047321,False,False,False,False,False,False,True,False,False,False
7C30020047322,False,False,False,False,False,False,True,False,False,False
7C30020047324,False,False,False,False,True,False,False,False,False,False
7C30020047326,False,True,False,False,False,False,False,False,False,False
7C30020047329,True,False,False,False,False,False,True,False,False,False
7C30020047331,True,False,False,False,False,False,False,False,False,False
7C30020047334,False,False,False,False,False,False,True,False,False,False
7C30020047336,False,False,False,True,False,False,False,False,False,False
7C30020047338,False,False,False,False,True,False,False,False,False,False
7C30020047343,False,False,False,False,False,False,True,False,False,False
7C30020047346,False,True,False,False,False,False,False,False,False,False
7C30020047349,False,False,False,True,False,False,False,False,False,False
7C30020047354,False,False,True,True,False,False,False,False,False,False
7C30020047361,False,False,False,False,False,False,True,False,False,False
7C30020047374,False,False,False,False,False,False,True,False,False,False
7C30020047375,False,True,False,False,False,False,False,False,False,False
7C30020047376,False,True,False,False,False,False,False,False,False,False
7C30020047379,False,False,False,True,False,False,False,False,False,False
7C30020047382,True,False,False,False,False,False,False,False,False,False
7C30020047385,False,False,False,False,False,True,True,False,False,False
7C30020047386,True,False,False,False,False,False,True,False,False,False
7C30020047387,False,False,False,True,False,False,False,False,False,False
7C30020047389,False,False,False,True,False,False,False,False,False,False
7C30020047390,False,False,False,True,True,False,False,False,False,False
7C30020047395,False,False,False,True,False,False,False,False,False,False
7C30020047396,False,False,False,True,False,False,False,False,False,False
7C30020047408,False,False,False,True,False,False,True,False,False,False
7C30020047410,False,False,False,False,False,False,True,False,False,False
7C30020047412,False,False,False,False,True,False,False,False,False,False
7C30020047416,False,False,True,False,False,False,False,False,False,False
7C30020047418,False,False,False,True,False,False,False,False,False,False
7C30020047419,False,False,False,True,True,False,False,False,False,False
7C30020047423,False,False,False,True,False,False,False,False,False,False
7C30020047424,False,False,False,True,False,False,False,False,False,False
7C30020047425,False,False,False,False,False,False,True,False,False,False
7C30020047430,False,False,False,False,False,False,True,False,False,False
7C30020047433,False,False,False,True,False,False,False,False,False,False
7C30020047434,False,False,False,False,False,True,False,False,False,False
7C30020047438,False,False,True,False,False,False,False,False,False,False
7C30020047439,False,True,False,False,False,False,False,False,False,False
7C30020047445,False,False,False,False,False,True,False,False,False,False
7C30020047447,True,False,False,False,False,False,False,False,False,False
7C30020047448,False,False,False,False,False,True,False,False,False,False
7C30020047451,False,False,False,False,False,False,True,False,False,False
7C30020047454,False,False,False,False,True,False,False,False,False,False
7C30020047455,False,False,False,True,False,False,False,False,False,False
7C30020047457,False,False,False,False,True,False,False,False,False,False
7C30020047463,False,False,False,False,False,True,False,False,False,False
7C30020047464,False,False,False,False,False,False,True,False,False,False
7C30020047466,False,False,False,False,False,False,True,False,False,False
7C30020047468,False,False,False,False,True,False,False,False,False,False
7C30020047469,False,False,False,False,False,False,True,False,False,False
7C30020047471,False,False,False,False,False,False,True,False,False,False
7C30020047474,False,False,False,False,False,True,False,False,False,False
7C30020047475,False,False,False,False,False,True,False,False,False,False
7C30020047476,False,False,False,False,False,False,True,False,False,False
7C30020047477,False,False,False,False,False,False,True,False,False,False
7C30020047478,False,False,False,False,False,False,True,False,False,False
7C30020047479,False,False,False,False,False,False,True,False,False,False
7C30020047480,False,False,False,False,True,False,False,False,False,False
7C30020047482,False,False,False,False,False,False,True,False,False,False
7C30020047483,False,False,False,False,False,True,True,False,False,False
7C30020047485,True,False,False,False,False,False,False,False,False,False
7C30020047486,False,False,False,False,False,False,True,False,False,False
7C30020047487,False,False,False,False,False,True,False,False,False,False
7C30020047488,False,False,False,False,True,False,False,False,False,False
7C30020047490,False,False,False,False,False,True,False,False,False,False
7C30020047492,False,False,False,False,True,False,False,False,False,False
7C30020047494,False,False,False,False,False,True,False,False,False,False
7C30020047495,False,False,False,False,False,False,True,False,False,False
7C30020047496,False,False,False,True,False,False,False,False,False,False
7C30020047498,False,False,False,False,False,True,True,False,False,False
7C30020047502,False,False,True,False,False,False,False,False,False,False
7C30020047503,False,False,False,False,False,False,True,False,False,False
7C30020047505,False,False,False,False,True,False,True,False,False,False
7C30020047506,False,False,False,False,False,False,True,False,False,False
7C30020047510,False,False,False,False,True,False,False,False,False,False
7C30020047513,False,False,False,True,True,False,False,False,False,False
7C30020047514,False,False,False,True,False,False,False,False,False,False
7C30020047520,False,False,False,True,False,False,False,False,False,False
7C30020047524,False,False,False,True,False,False,True,False,False,False
7C30020047525,False,False,False,True,False,False,False,False,False,False
7C30020047529,False,False,False,True,False,False,False,False,False,False
7C30020047535,False,False,False,True,True,False,False,False,False,True
7C30020047538,False,False,False,True,False,False,False,False,False,False
7C30020047541,False,False,True,False,False,False,False,False,False,False
7C30020047542,False,False,False,False,False,False,True,False,False,False
7C30020047557,True,False,False,False,False,False,False,False,False,False
7C30020047564,True,True,False,False,False,False,False,False,False,False
7C30020047566,True,True,False,False,False,False,False,False,False,False
7C30020047567,False,True,False,True,False,False,False,False,False,False
7C30020047575,False,False,True,False,False,False,False,False,False,False
7C30020047577,True,False,False,False,False,False,False,False,False,False
7C30020047578,False,True,False,False,False,False,False,False,False,False
7C30020047579,False,False,False,True,False,False,False,False,False,False
7C30020047587,False,False,False,True,False,False,False,False,False,False
7C30020047591,False,True,False,False,False,False,False,False,False,False
7C30020047593,False,False,False,True,False,False,False,False,False,False
7C30020047594,False,False,False,False,False,False,True,False,False,False
7C30020047597,False,False,False,False,True,False,False,False,False,False
7C30020047603,False,False,False,True,True,False,False,False,False,False
7C30020047604,True,False,False,False,False,False,False,False,False,False
7C30020047606,False,False,False,True,False,False,False,False,False,False
7C30020047607,False,False,True,False,False,False,False,False,False,False
7C30020047610,False,False,True,False,False,False,False,False,False,False
7C30020047611,False,True,False,False,False,False,False,False,False,False
7C30020047612,False,True,False,False,False,False,False,False,False,False
7C30020047613,False,True,False,False,False,False,False,False,False,False
7C30020047615,True,False,False,False,False,False,False,False,False,False
7C30020047617,False,False,False,False,True,False,False,False,False,False
7C30020047619,False,False,False,True,False,False,False,False,False,False
7C30020047622,False,False,False,True,False,False,False,False,False,False
7C30020047625,False,False,False,True,False,False,False,False,False,False
7C30020047632,False,False,True,False,False,False,False,False,False,False
7C30020047633,False,False,False,True,False,False,False,False,False,False
7C30020047636,False,False,False,False,False,False,True,False,False,False
7C30020047637,False,False,False,True,False,False,False,False,False,False
7C30020047642,False,False,False,False,False,False,True,False,False,False
7C30020047650,False,False,False,False,False,True,False,False,False,False
7C30020047651,False,True,False,False,False,False,False,False,False,False
7C30020047655,False,False,False,True,False,False,False,False,False,False
7C30020047663,False,False,False,False,False,False,True,False,False,False
7C30020047666,False,False,False,True,False,False,False,False,False,False
7C30020047668,False,False,False,True,False,False,True,False,False,False
7C30020047671,False,False,True,False,False,False,False,False,False,False
7C30020047674,False,True,False,True,False,False,False,False,False,False
7C30020047677,False,True,False,False,False,False,False,False,False,False
7C30020047684,False,True,False,False,False,False,True,False,False,False
7C30020047686,False,False,False,True,False,False,False,False,False,False
7C30020047689,True,False,False,False,True,False,False,False,False,False
7C30020047691,False,True,False,False,False,False,False,False,False,False
7C30020047692,False,False,True,False,False,False,False,False,False,False
7C30020047693,False,True,False,False,False,True,True,False,False,False
7C30020047695,False,True,False,False,False,False,False,False,False,False
7C30020047696,False,False,False,False,True,False,False,False,False,False
7C30020047697,False,False,False,False,False,True,True,False,False,False
7C30020047699,True,False,False,False,True,False,False,False,False,False
7C30020047700,True,False,False,False,True,False,False,False,False,False
7C30020047703,False,False,False,False,True,False,False,False,False,False
7C30020047706,False,False,False,True,False,False,False,False,False,False
7C30020047707,False,False,True,False,False,False,False,False,False,False
7C30020047709,False,False,False,True,False,False,True,False,False,False
7C30020047710,False,True,False,False,False,False,False,False,False,False
7C30020047715,False,False,False,False,True,False,False,False,False,False
7C30020047717,False,False,False,False,False,False,True,False,False,False
7C30020047718,False,False,False,False,True,False,True,False,False,False
7C30020047720,False,False,False,False,False,False,True,False,False,False
7C30020047721,False,False,False,False,False,False,True,False,False,False
7C30020047724,True,False,False,False,False,False,False,False,False,False
7C30020047732,False,False,False,True,False,False,True,False,False,False
7C30020047736,False,False,False,True,False,False,False,False,False,False
7C30020047737,False,False,False,False,True,True,True,False,False,False
7C30020047750,False,True,False,False,False,False,True,False,False,False
7C30020047754,False,True,False,False,False,False,False,False,False,False
7C30020047758,False,True,False,False,False,False,False,False,False,False
7C30020047761,False,False,False,False,False,False,True,False,False,False
7C30020047762,False,False,False,False,False,False,True,False,False,False
7C30020047765,False,False,True,True,False,False,False,False,False,False
7C30020047768,False,False,False,False,True,False,False,False,False,False
7C30020047774,False,False,False,True,False,False,False,False,False,False
7C30020047779,False,False,False,False,True,False,False,False,False,False
7C30020047780,False,True,False,False,False,False,False,False,False,False
7C30020047783,False,False,False,False,False,False,True,False,False,False
7C30020047796,False,False,False,False,True,False,True,False,False,False
7C30020047797,False,False,True,False,False,False,False,False,False,False
7C30020047805,False,False,False,False,False,False,True,False,False,False
7C30020047817,True,False,False,False,False,False,False,False,False,False
7C30020047828,True,False,False,False,False,False,False,False,False,False
7C30020047829,False,False,False,True,False,False,False,False,False,False
7C30020047830,False,False,False,False,False,False,True,False,False,False
7C30020047833,False,False,True,False,False,False,False,False,False,False
7C30020047841,False,False,False,True,False,False,False,False,False,False
7C30020047848,False,False,False,True,True,False,False,False,False,False
7C30020047852,True,False,False,False,False,False,False,False,False,False
7C30020047854,False,False,False,False,False,False,True,False,False,False
7C30020047858,True,False,False,False,False,False,True,False,False,False
7C30020047861,False,False,True,False,False,False,False,False,False,False
7C30020047868,False,False,False,False,False,False,True,False,False,False
7C30020047871,False,False,False,False,False,False,True,False,False,False
7C30020047873,False,False,False,False,False,True,False,False,False,False
7C30020047874,False,False,False,True,True,False,False,False,False,False
7C30020047884,False,False,False,False,False,False,True,False,False,False
7C30020047889,True,False,False,False,False,False,False,False,False,False
7C30020047890,False,False,True,True,False,False,False,False,False,False
7C30020047892,False,False,False,True,False,True,True,False,False,False
7C30020047894,False,False,False,True,True,True,False,False,False,False
7C30020047902,False,False,False,False,False,False,True,False,False,False
7C30020047904,False,False,False,False,False,False,True,False,False,False
7C30020047905,False,False,False,True,False,False,True,False,False,False
7C30020047906,False,False,False,False,False,False,True,False,False,False
7C30020047907,False,False,False,False,False,False,True,False,False,False
7C30020047911,False,False,False,False,False,False,True,False,False,False
7C30020047914,False,False,False,False,False,True,False,False,False,False
7C30020047920,False,False,False,False,False,False,True,False,False,False
7C30020047921,False,False,False,False,False,False,True,False,False,False
7C30020047923,False,False,False,False,True,False,False,False,False,False
7C30020047924,False,False,False,False,False,True,False,False,False,False
7C30020047928,False,True,False,False,False,False,False,False,False,False
7C30020047932,False,False,False,False,False,False,True,False,False,False
7C30020047934,False,False,False,False,True,False,False,False,False,False
7C30020047936,False,False,False,True,False,True,True,False,False,False
7C30020047939,False,False,False,False,False,False,True,False,False,False
7C30020047941,False,False,False,True,False,False,True,False,False,False
7C30020047942,False,False,False,True,False,False,False,False,False,False
7C30020047947,False,False,False,False,False,False,True,False,False,False
7C30020047950,False,False,False,True,False,False,False,False,False,False
7C30020047955,False,False,False,True,False,False,False,False,False,False
7C30020047965,False,True,False,False,False,False,False,False,False,False
7C30020047981,False,False,False,False,False,False,True,False,False,False
7C30020047982,False,False,False,False,False,True,False,False,False,False
7C30020047983,False,False,False,False,False,False,True,False,False,False
7C30020047989,False,True,False,False,False,False,False,False,False,False
7C30020048004,False,False,False,False,False,True,False,False,False,False
7C30020048014,False,False,False,True,False,False,False,False,False,False
7C30020048018,False,False,False,False,False,False,True,False,False,False
7C30020048020,False,False,True,False,False,False,False,False,False,False
7C30020048022,False,False,False,False,False,False,True,False,False,False
7C30020048024,False,False,False,False,True,False,False,False,False,False
7C30020048025,False,False,False,False,True,False,False,False,False,False
7C30020048027,True,False,False,False,False,False,False,False,False,False
7C30020048029,False,False,False,True,False,False,False,False,False,False
7C30020048039,False,False,False,False,False,False,False,False,False,True
7C30020048044,True,False,False,False,False,False,False,False,False,False
7C30020048052,False,True,True,False,False,False,False,False,False,False
7C30020048053,True,True,False,False,False,False,False,False,False,False
7C30020048054,False,True,False,False,False,False,False,False,False,False
7C30020048056,False,False,False,True,False,False,False,False,False,False
7C30020048059,False,False,True,False,False,False,False,False,False,False
7C30020048060,False,False,True,False,False,False,False,False,False,False
7C30020048069,False,False,False,True,False,False,False,False,False,False
7C30020048070,False,False,False,False,True,True,False,False,False,False
7C30020048079,False,False,False,False,False,False,True,False,False,False
7C30020048080,False,False,True,False,False,False,False,False,False,False
7C30020048089,False,False,False,True,False,False,False,False,False,False
7C30020048092,False,False,False,True,False,False,False,False,False,False
7C30020048100,False,False,True,False,False,False,False,False,False,False
7C30020048105,False,False,True,False,False,False,False,False,False,False
7C30020048107,False,False,False,False,False,False,True,False,False,False
7C30020048111,True,False,False,False,False,False,False,False,False,False
7C30020048113,False,False,True,False,False,False,False,False,False,False
7C30020048114,False,False,True,False,False,False,False,False,False,False
7C30020048115,True,False,False,False,False,False,False,False,False,False
7C30020048123,False,False,False,True,False,False,False,False,False,False
7C30020048124,False,False,False,True,False,False,False,False,False,False
7C30020048134,False,False,False,True,True,False,False,False,False,False
7C30020048137,True,False,False,False,False,False,False,False,False,False
7C30020048138,False,False,False,False,False,False,True,False,False,False
7C30020048139,False,False,False,False,False,False,True,False,False,False
7C30020048140,False,False,True,False,False,False,True,False,False,False
7C30020048141,False,False,False,False,False,False,True,False,False,False
7C30020048142,False,False,False,False,False,True,True,False,False,False
7C30020048143,False,False,False,False,True,False,False,False,False,False
7C30020048144,False,False,False,False,False,True,False,False,False,False
7C30020048145,False,False,True,False,False,False,False,False,False,False
7C30020048149,False,False,False,False,False,True,False,False,False,False
7C30020048150,False,False,False,False,False,True,False,False,False,False
7C30020048153,False,False,False,False,False,True,True,False,False,False
7C30020048156,False,False,False,False,False,True,True,False,False,False
7C30020048157,False,False,False,False,False,False,True,False,False,False
7C30020048161,False,False,False,False,True,False,False,False,False,False
7C30020048168,True,False,False,False,True,False,False,False,False,False
7C30020048171,False,True,False,False,False,False,False,False,False,False
7C30020048173,False,True,False,False,False,False,False,False,False,False
7C30020048174,False,False,False,False,True,False,True,False,False,False
7C30020048178,False,False,False,False,True,False,False,False,False,False
7C30020048182,True,False,False,False,False,False,False,False,False,False
7C30020048183,False,False,True,True,False,False,False,False,False,False
7C30020048184,False,False,False,True,False,False,False,False,False,False
7C30020048187,False,False,False,True,False,False,False,False,False,False
7C30020048189,False,False,False,True,False,False,False,False,False,False
7C30020048192,False,False,False,False,False,False,True,False,False,False
7C30020048197,False,False,True,False,False,False,False,False,False,False
7C30020048198,False,False,False,False,False,True,True,False,False,False
7C30020048199,False,False,False,False,False,True,False,False,False,False
7C30020048204,False,False,False,True,False,False,True,False,False,False
7C30020048207,False,False,False,False,False,False,True,False,False,False
7C30020048217,False,False,False,False,False,True,False,False,False,False
7C30020048220,False,False,False,True,False,False,False,False,False,False
7C30020048223,False,False,False,False,True,False,False,False,False,False
7C30020048226,False,False,False,True,True,False,False,False,False,False
7C30020048232,True,False,False,False,False,False,False,False,False,False
7C30020048234,True,False,False,False,False,False,False,False,False,False
7C30020048239,False,False,False,False,False,False,True,False,False,False
7C30020048240,False,False,True,False,False,False,False,False,False,False
7C30020048241,False,False,False,False,False,True,False,False,False,False
7C30020048246,False,False,False,True,False,False,False,False,False,False
7C30020048247,False,False,False,False,False,False,True,False,False,False
7C30020048253,False,False,False,False,False,False,True,False,False,False
7C30020048257,False,False,False,False,False,False,True,False,False,False
7C30020048273,False,False,False,False,True,False,False,False,False,False
7C30020048279,False,True,False,False,False,False,False,False,False,False
7C30020048289,True,False,False,True,False,False,False,False,False,False
7C30020048290,False,False,False,False,False,False,True,False,False,False
7C30020048301,False,False,False,True,False,False,False,False,False,False
7C30020048305,False,False,False,True,False,False,False,False,False,False
7C30020048317,False,False,False,False,True,False,False,False,False,False
7C30020048325,False,True,False,False,False,False,False,False,False,False
7C30020048326,False,False,False,False,False,False,True,False,False,False
7C30020048328,False,False,False,False,True,False,False,False,False,False
7C30020048333,False,False,False,True,False,False,False,False,False,False
7C30020048334,False,False,False,False,False,False,True,False,False,False
7C30020048335,False,False,False,True,False,False,False,False,False,False
7C30020048342,False,False,False,False,False,False,True,False,False,False
7C30020048343,False,False,False,False,False,False,True,False,False,False
7C30020048344,False,False,False,False,False,False,True,False,False,False
7C30020048345,False,False,False,True,False,False,False,False,False,False
7C30020048348,False,False,False,False,False,False,True,False,False,False
7C30020048354,False,False,False,False,False,False,True,False,False,False
7C30020048357,False,False,False,False,False,True,True,False,False,False
7C30020048358,False,False,False,True,False,False,False,False,False,False
7C30020048359,False,False,False,False,False,True,False,False,False,False
7C30020048361,False,False,False,False,False,False,True,False,False,False
7C30020048362,False,False,False,False,False,False,True,False,False,False
7C30020048369,False,False,False,False,False,False,True,False,False,False
7C30020048373,False,False,False,False,True,False,False,False,False,False
7C30020048374,False,False,False,False,True,True,False,False,False,False
7C30020048375,False,False,False,False,True,False,False,False,False,False
7C30020048378,False,False,False,False,False,True,False,False,False,False
7C30020048384,False,False,False,False,True,False,False,False,False,False
7C30020048387,False,False,False,False,False,False,False,True,False,False
7C30020048390,True,False,False,False,False,False,True,False,False,False
7C30020048393,False,False,False,False,True,False,False,False,False,False
7C30020048399,True,False,False,False,False,False,False,False,False,False
7C30020048400,False,False,False,False,False,True,False,False,False,False
7C30020048403,False,False,True,False,False,False,False,False,False,False
7C30020048408,False,False,False,True,True,False,False,False,False,False
7C30020048410,True,False,False,False,False,False,False,False,False,False
7C30020048411,False,False,False,True,False,False,False,False,False,False
7C30020048415,False,False,False,True,False,False,True,False,False,False
7C30020048417,False,False,False,False,False,False,True,False,False,False
7C30020048422,False,False,False,True,False,False,False,False,False,False
7C30020048423,False,False,True,False,False,False,False,False,False,False
7C30020048424,False,False,False,True,False,False,False,False,False,False
7C30020048428,True,False,False,False,False,False,False,False,False,False
7C30020048431,False,False,False,False,False,True,False,False,False,False
7C30020048435,False,True,False,False,False,False,False,False,False,False
7C30020048440,False,False,False,True,False,False,False,False,False,False
7C30020048441,False,False,False,True,False,False,True,False,False,False
7C30020048444,False,False,False,True,False,False,False,False,False,False
7C30020048445,False,False,False,False,False,False,True,False,False,False
7C30020048446,False,True,False,False,False,False,False,False,False,False
7C30020048450,False,False,False,False,True,False,False,False,False,False
7C30020048451,False,True,False,False,False,False,False,False,False,False
7C30020048461,False,False,False,False,False,False,True,False,False,False
7C30020048464,False,False,False,False,False,False,True,False,False,False
7C30020048466,False,False,True,False,False,False,False,False,False,False
7C30020048471,False,False,False,False,False,False,True,False,False,False
7C30020048474,False,False,False,True,False,False,False,False,False,False
7C30020048477,False,False,False,True,False,False,True,False,False,False
7C30020048485,True,False,False,False,False,False,True,False,False,False
7C30020048491,False,False,False,True,False,True,True,False,False,False
7C30020048496,True,False,False,False,False,False,False,False,False,False
7C30020048497,False,False,False,False,False,False,True,False,False,False
7C30020048498,False,False,False,True,False,False,False,False,False,False
7C30020048501,True,False,False,False,False,False,False,False,False,False
7C30020048503,False,False,False,True,True,False,False,False,False,False
7C30020048507,False,True,False,True,True,False,False,False,False,False
7C30020048508,True,False,False,False,False,False,False,False,False,False
7C30020048515,False,True,False,False,False,False,False,False,False,False
7C30020048521,False,False,False,False,True,False,False,False,False,False
7C30020048523,False,True,False,False,False,False,False,False,False,False
7C30020048528,True,False,False,True,False,False,False,False,False,False
7C30020048529,True,True,False,False,False,False,False,False,False,False
7C30020048530,False,True,False,False,False,False,False,False,False,False
7C30020048532,True,False,False,False,False,False,False,False,False,False
7C30020048537,True,False,False,False,False,False,False,False,False,False
7C30020048539,False,False,False,True,False,False,False,False,False,False
7C30020048545,False,False,False,False,False,False,True,False,False,False
7C30020048551,False,False,False,True,False,False,False,False,False,False
7C30020048558,False,False,False,True,False,False,False,False,False,False
7C30020048573,False,False,False,False,False,False,True,False,False,False
7C30020048575,False,False,False,False,False,False,True,False,False,False
7C30020048577,False,False,True,False,False,False,False,False,False,False
7C30020048580,False,True,False,False,False,False,False,False,False,False
7C30020048584,False,False,False,False,False,False,True,False,False,False
7C30020048598,False,False,False,True,False,False,False,False,False,False
7C30020048601,False,False,False,False,False,False,True,False,False,False
7C30020048603,False,False,False,True,False,False,False,False,False,False
7C30020048604,False,False,False,False,False,True,False,False,False,False
7C30020048606,False,False,False,False,False,True,True,False,False,False
7C30020048607,False,False,False,False,False,False,True,False,False,False
7C30020048608,False,True,False,False,False,False,False,False,False,False
7C30020048609,False,False,False,True,False,False,False,False,False,False
7C30020048614,False,False,False,False,False,True,True,False,False,False
7C30020048616,False,False,False,False,False,True,False,False,False,False
7C30020048620,False,False,False,False,False,True,False,False,False,False
7C30020048622,False,False,False,True,False,False,False,False,False,False
7C30020048623,False,False,False,False,False,False,True,False,False,False
7C30020048627,False,False,True,False,False,False,False,False,False,False
7C30020048633,False,False,False,False,False,False,True,False,False,False
7C30020048634,False,False,False,False,False,False,True,False,False,False
7C30020048636,False,False,False,True,False,False,False,False,False,False
7C30020048639,False,True,False,False,False,False,False,False,False,False
7C30020048646,False,False,False,False,False,False,True,False,False,False
7C30020048649,False,False,False,False,False,False,True,False,False,False
7C30020048650,False,False,False,True,False,False,False,False,False,False
7C30020048652,False,False,True,False,False,False,False,False,False,False
7C30020048655,False,False,False,True,False,False,False,False,False,False
7C30020048659,False,False,False,True,False,False,False,True,False,False
7C30020048662,False,False,False,True,False,False,True,False,False,False
7C30020048663,False,False,True,False,False,False,False,False,False,False
7C30020048666,False,False,False,False,False,False,False,True,False,False
7C30020048667,False,True,False,False,False,False,False,False,False,False
7C30020048674,True,False,False,False,False,False,False,False,False,False
7C30020048677,True,False,False,False,True,False,False,False,False,False
7C30020048680,False,False,False,False,False,False,True,False,False,True
7C30020048681,False,False,False,False,False,False,True,False,False,False
7C30020048684,False,False,False,True,False,False,False,False,False,False
7C30020048692,False,False,True,False,False,False,False,False,False,False
7C30020048695,False,False,False,False,True,False,False,False,False,False
7C30020048698,False,False,False,False,False,False,True,False,False,False
7C30020048705,False,False,False,True,True,False,True,False,False,False
7C30020048710,False,False,True,False,False,False,False,False,False,False
7C30020048713,True,False,False,False,False,False,False,False,False,False
7C30020048717,True,False,False,False,False,False,False,False,False,False
7C30020048718,False,False,True,False,False,False,False,False,False,False
7C30020048723,False,True,False,False,False,False,False,False,False,False
7C30020048732,False,False,False,True,False,False,False,False,False,False
7C30020048735,False,False,False,False,True,False,False,False,False,False
7C30020048740,False,False,False,True,False,False,False,False,False,False
7C30020048756,True,False,False,False,False,False,False,False,False,False
7C30020048764,True,False,False,False,False,False,False,False,False,False
7C30020048767,False,False,False,False,False,False,True,False,False,False
7C30020048771,False,False,False,True,False,False,False,False,False,False
7C30020048777,False,False,False,True,False,False,False,False,False,False
7C30020048800,False,True,False,False,False,False,True,False,False,False
7C30020048802,False,False,False,True,False,False,False,False,False,False
7C30020048805,False,False,True,True,False,False,False,False,False,False
7C30020048807,False,False,True,False,False,False,False,False,False,False
7C30020048808,False,False,False,False,False,False,True,False,False,False
7C30020048809,False,False,False,True,False,False,False,False,False,False
7C30020048811,False,False,False,False,True,False,False,False,False,False
7C30020048817,False,False,True,False,False,False,False,False,False,False
7C30020048819,False,False,False,False,False,True,False,False,False,False
7C30020048820,False,False,False,False,True,False,False,False,False,False
7C30020048823,False,False,False,False,False,False,True,False,False,False
7C30020048825,False,False,False,False,False,False,True,False,False,False
7C30020048828,False,False,False,False,False,False,True,False,False,False
7C30020048830,False,False,False,False,False,True,True,False,False,False
7C30020048832,True,False,False,False,False,False,True,False,False,False
7C30020048834,False,False,False,True,False,False,False,False,False,False
7C30020048838,False,False,False,False,False,False,True,False,False,False
7C30020048840,False,False,False,False,False,False,True,False,False,False
7C30020048845,False,False,False,True,False,False,False,False,False,False
7C30020048847,False,True,False,False,False,False,False,False,False,False
7C30020048850,False,False,False,False,True,True,True,False,False,False
7C30020048851,False,False,False,False,False,False,True,False,False,False
7C30020048852,False,False,False,True,False,False,False,False,False,False
7C30020048854,False,False,False,False,False,False,True,False,False,True
7C30020048855,False,False,False,False,False,False,True,False,False,False
7C30020048856,False,False,False,True,False,False,False,False,False,False
7C30020048865,False,False,True,False,False,False,False,False,False,False
7C30020048869,False,False,False,True,False,False,False,False,False,False
7C30020048871,False,False,False,True,False,False,False,False,False,False
7C30020048872,False,False,False,False,False,False,True,False,False,False
7C30020048874,False,False,True,False,False,False,False,False,False,False
7C30020048876,True,False,False,False,False,False,False,False,False,False
7C30020048880,False,True,False,False,False,False,False,False,False,False
7C30020048881,False,False,False,False,False,False,True,False,False,False
7C30020048889,False,False,False,False,False,False,True,False,False,False
7C30020048895,False,False,False,True,False,False,False,False,False,False
7C30020048896,False,False,True,False,False,False,False,False,False,False
7C30020048897,True,False,False,False,False,False,False,False,False,False
7C30020048902,False,False,False,True,False,False,False,False,False,False
7C30020048903,True,False,False,False,False,False,True,False,False,False
7C30020048905,False,False,False,False,True,False,False,False,False,False
7C30020048907,False,True,False,False,False,False,False,False,False,False
7C30020048914,False,False,False,True,False,False,False,False,False,False
7C30020048918,False,False,False,True,False,False,False,False,False,False
7C30020048924,False,False,False,False,False,False,True,False,False,False
7C30020048930,False,False,False,False,False,False,True,False,False,False
7C30020048938,False,True,False,False,False,False,False,False,False,False
7C30020048940,False,True,False,False,False,False,False,False,False,False
7C30020048952,False,False,False,False,False,False,True,False,False,False
7C30020048953,False,False,False,False,False,False,True,False,False,False
7C30020048958,False,False,False,True,False,False,False,False,False,False
7C30020048972,False,False,False,False,False,False,True,False,False,False
7C30020048979,True,False,False,True,False,True,True,False,False,False
7C30020048980,False,False,True,True,False,False,False,False,False,False
7C30020048984,False,False,False,True,False,False,False,False,False,False
7C30020048996,False,False,False,False,True,False,False,False,False,False
7C30020048999,True,False,False,False,False,False,False,False,False,True
7C30020049000,True,False,False,False,True,False,False,False,False,False
7C30020049001,False,False,False,False,False,False,True,False,False,False
7C30020049014,False,False,False,False,False,False,True,False,False,False
7C30020049016,False,False,False,True,False,False,False,False,False,False
7C30020049018,False,False,True,False,False,False,False,False,False,False
7C30020049020,False,False,False,True,True,False,False,False,False,False
7C30020049026,False,False,False,True,False,False,True,False,False,False
7C30020049029,False,False,False,True,False,False,False,False,False,False
7C30020049035,False,False,False,True,False,False,False,False,False,False
7C30020049039,False,False,False,False,False,False,True,False,False,False
7C30020049045,False,False,False,True,False,False,False,False,False,False
7C30020049047,False,False,False,False,False,False,True,False,False,False
7C30020049051,False,False,False,False,False,False,True,False,False,False
7C30020049057,False,False,False,False,False,True,False,False,False,False
7C30020049067,False,False,False,False,False,False,False,False,False,True
7C30020049070,True,False,False,False,False,False,False,False,False,False
7C30020049073,False,False,False,True,False,False,False,False,False,False
7C30020049077,False,False,False,True,False,False,False,False,False,False
7C30020049079,False,False,False,False,False,False,True,False,False,False
7C30020049083,False,False,False,False,False,False,True,False,False,False
7C30020049085,False,False,False,True,False,False,False,False,False,False
7C30020049086,False,False,False,False,False,True,False,False,False,False
7C30020049089,False,False,False,True,False,False,False,False,False,False
7C30020049092,False,False,False,False,False,True,True,False,False,False
7C30020049095,False,False,False,False,False,False,True,False,False,False
7C30020049098,False,False,False,False,True,False,False,False,False,False
7C30020049099,False,False,False,True,False,False,False,False,False,False
7C30020049100,False,False,False,False,True,False,True,False,False,False
7C30020049101,False,False,False,False,False,True,False,False,False,False
7C30020049102,False,False,False,True,False,False,False,False,False,False
7C30020049103,False,False,False,False,False,False,True,False,False,False
7C30020049105,False,False,False,False,False,False,True,False,False,False
7C30020049111,False,False,True,False,False,False,True,False,False,False
7C30020049112,False,False,False,False,True,False,False,False,False,False
7C30020049113,False,False,False,False,False,False,True,False,False,False
7C30020049114,False,False,False,True,False,False,False,False,False,False
7C30020049118,False,False,False,False,False,False,True,False,False,False
7C30020049130,False,False,False,True,False,False,False,False,False,False
7C30020049149,False,False,True,False,False,False,False,False,False,False
7C30020049150,False,False,False,False,False,False,True,False,False,False
7C30020049154,False,False,True,False,False,False,False,False,False,False
7C30020049157,False,False,False,False,False,False,True,False,False,False
7C30020049158,False,False,False,True,False,False,False,False,False,False
7C30020049159,False,False,False,True,False,False,False,False,False,False
7C30020049174,False,False,False,False,False,True,False,False,False,False
7C30020049177,False,False,False,True,False,False,False,False,False,False
7C30020049178,False,False,False,True,False,False,False,False,False,False
7C30020049179,False,False,False,True,False,False,False,False,False,False
7C30020049184,False,False,False,False,False,True,True,False,False,False
7C30020049188,True,False,False,False,False,False,False,False,False,False
7C30020049195,False,False,False,False,True,False,False,False,False,False
7C30020049197,True,False,False,False,False,False,False,False,False,False
7C30020049204,False,False,False,False,False,False,True,False,False,False
7C30020049208,True,False,False,False,False,False,False,False,False,False
7C30020049211,True,True,False,False,False,False,False,False,False,False
7C30020049212,False,False,False,True,False,False,False,False,False,False
7C30020049213,False,False,False,True,False,False,False,False,False,False
7C30020049217,False,False,False,False,False,False,True,False,False,False
7C30020049219,False,False,False,True,False,False,False,False,False,False
7C30020049224,True,False,False,True,True,False,False,False,False,False
7C30020049230,False,False,False,True,False,False,True,False,False,False
7C30020049231,False,False,False,True,False,False,False,False,False,False
7C30020049235,False,False,False,False,True,False,False,False,False,False
7C30020049236,False,False,False,True,False,False,False,False,False,False
7C30020049237,False,False,False,False,True,False,False,False,False,False
7C30020049246,False,False,True,False,False,False,False,False,False,False
7C30020049248,False,False,False,False,False,False,True,False,False,False
7C30020049249,False,False,False,False,False,False,True,False,False,False
7C30020049255,False,False,False,False,False,False,True,False,False,False
7C30020049257,False,False,False,True,False,False,False,False,False,False
7C30020049265,False,False,False,False,True,False,True,False,False,False
7C30020049268,False,False,False,False,False,False,True,False,False,False
7C30020049272,False,False,True,False,False,True,False,False,False,False
7C30020049273,False,False,False,True,False,False,False,False,False,False
7C30020049276,True,False,False,False,False,False,True,False,False,False
7C30020049280,False,False,False,False,False,False,True,False,False,False
7C30020049281,False,False,False,True,False,False,False,False,False,False
7C30020049286,True,False,False,False,False,False,False,False,False,False
7C30020049288,False,False,True,False,False,False,False,False,False,False
7C30020049293,True,False,False,False,False,False,False,False,False,False
7C30020049299,False,True,False,False,False,False,False,False,False,False
7C30020049300,False,True,False,False,False,False,False,False,False,False
7C30020049302,False,True,False,False,False,False,False,False,False,False
7C30020049304,False,False,False,True,False,False,False,False,False,False
7C30020049309,False,False,False,False,False,False,True,False,False,False
7C30020049312,False,False,False,False,False,False,True,False,False,False
7C30020049317,False,False,True,False,False,True,False,False,False,False
7C30020049319,False,False,False,False,True,False,False,False,False,False
7C30020049333,True,False,False,False,False,False,False,False,False,False
7C30020049336,False,False,False,False,False,False,True,False,False,False
7C30020049338,False,False,False,False,False,False,True,False,False,False
7C30020049339,True,False,False,False,False,False,False,False,False,False
7C30020049340,False,True,False,False,False,False,False,False,False,False
7C30020049341,False,False,False,True,False,False,False,False,False,False
7C30020049345,False,False,False,True,False,False,False,False,False,False
7C30020049347,False,True,False,False,False,False,False,False,False,False
7C30020049350,False,False,False,True,False,False,False,False,False,False
7C30020049354,False,False,False,True,False,False,True,False,False,False
7C30020049355,False,True,False,False,False,False,False,False,False,False
7C30020049362,False,False,False,True,False,False,False,False,False,False
7C30020049373,False,False,False,False,False,False,True,False,False,False
7C30020049383,False,False,False,True,True,False,False,False,False,False
7C30020049385,False,True,False,False,False,False,False,False,False,False
7C30020049390,False,False,False,True,False,False,False,False,False,False
7C30020049406,False,False,False,True,True,False,False,False,False,False
7C30020049410,False,False,False,True,True,False,False,False,False,False
7C30020049413,True,False,False,False,False,False,False,False,False,False
7C30020049414,False,False,False,True,False,False,False,False,False,False
7C30020049415,False,False,False,True,False,False,False,False,False,False
7C30020049419,False,False,False,True,False,False,False,False,False,False
7C30020049423,True,False,False,False,False,False,False,False,False,False
7C30020049426,False,False,False,False,False,False,True,False,False,False
7C30020049429,False,False,False,False,False,False,False,False,False,True
7C30020049431,False,False,False,False,False,False,True,False,False,False
7C30020049432,False,False,False,True,False,False,False,False,False,False
7C30020049434,False,False,False,True,False,False,True,False,False,False
7C30020049435,True,False,False,False,False,False,False,False,False,False
7C30020049444,True,False,False,False,False,False,False,False,False,False
7C30020049448,False,False,False,True,False,False,False,False,False,False
7C30020049452,False,False,False,True,False,False,False,False,False,False
7C30020049453,True,False,False,False,False,False,False,False,False,False
7C30020049460,False,False,False,True,False,False,False,False,False,False
7C30020049467,False,False,True,False,False,False,False,False,False,False
7C30020049468,False,False,False,True,False,False,False,False,False,False
7C30020049472,True,False,False,False,False,False,False,False,False,False
7C30020049474,False,False,True,False,False,False,False,False,False,False
7C30020049476,False,False,False,False,False,False,True,False,False,False
7C30020049484,False,False,False,False,True,False,False,False,False,False
7C30020049485,False,False,False,True,False,False,False,False,False,False
7C30020049491,False,False,False,False,False,False,True,False,False,False
7C30020049493,False,False,False,False,False,False,True,False,False,False
7C30020049494,False,False,False,True,False,False,False,False,False,False
7C30020049497,False,False,True,False,False,False,False,False,False,False
7C30020049505,False,False,True,False,False,False,False,False,False,False
7C30020049506,False,False,False,False,False,False,True,False,False,False
7C30020049509,False,False,False,True,False,False,False,False,False,False
7C30020049521,False,False,False,True,False,False,False,False,False,False
7C30020049523,False,False,False,False,False,True,False,False,False,False
7C30020049526,False,False,False,False,False,True,False,False,False,False
7C30020049543,False,False,False,False,False,False,True,False,False,False
7C30020049549,False,False,False,False,False,False,True,False,False,False
7C30020049552,False,False,False,False,True,False,True,False,False,False
7C30020049554,False,False,False,False,False,True,False,False,False,False
7C30020049556,False,False,False,False,False,False,True,False,False,False
7C30020049557,False,False,False,False,False,True,True,False,False,False
7C30020049560,False,False,False,False,False,True,False,False,False,False
7C30020049563,False,False,False,False,False,False,True,False,False,False
7C30020049569,False,False,False,False,False,False,True,False,False,False
7C30020049570,False,False,False,False,False,True,True,False,False,False
7C30020049572,False,False,False,False,False,False,True,False,False,False
7C30020049575,False,False,False,True,False,False,True,False,False,False
7C30020049576,False,True,False,False,False,False,False,False,False,False
7C30020049577,False,False,False,False,False,True,False,False,False,False
7C30020049579,False,False,False,False,False,False,True,False,False,False
7C30020049580,False,False,False,False,False,False,True,False,False,False
7C30020049581,False,True,False,False,False,False,False,False,False,False
7C30020049585,False,False,False,True,False,False,False,False,False,False
7C30020049593,False,False,False,False,False,False,True,False,False,False
7C30020049600,False,False,False,True,False,False,False,False,False,False
7C30020049602,False,True,False,False,False,False,False,False,False,False
7C30020049603,False,False,False,False,True,False,False,False,False,False
7C30020049607,False,False,False,True,False,False,False,False,False,False
7C30020049608,False,False,False,False,False,False,True,False,False,False
7C30020049610,False,False,False,False,False,True,False,False,False,False
7C30020049614,False,False,False,False,False,False,True,False,False,False
7C30020049619,False,False,False,True,False,False,False,False,False,False
7C30020049623,False,False,False,False,False,False,True,False,False,False
7C30020049634,False,False,False,False,False,False,True,False,False,False
7C30020049644,False,False,False,True,False,False,False,False,False,False
7C30020049646,False,False,False,False,False,False,True,False,False,False
7C30020049649,False,False,False,True,False,False,False,False,False,False
7C30020049650,False,True,False,False,False,False,False,False,False,False
7C30020049655,False,False,False,False,True,True,False,False,False,False
7C30020049663,True,False,False,False,False,True,True,False,False,False
7C30020049664,False,False,False,False,False,False,True,False,False,False
7C30020049667,False,True,False,False,False,False,False,False,False,False
7C30020049671,True,True,False,False,False,False,False,False,False,False
7C30020049682,False,False,False,True,False,False,False,False,False,False
7C30020049690,False,False,False,True,False,False,False,False,False,False
7C30020049693,False,False,False,True,False,False,False,False,False,False
7C30020049700,True,False,False,False,False,False,False,False,False,False
7C30020049701,False,False,False,False,False,True,False,False,False,False
7C30020049712,False,False,False,False,False,False,True,False,False,False
7C30020049713,False,False,False,True,False,False,False,False,False,False
7C30020049714,False,False,True,False,False,False,False,False,False,False
7C30020049717,False,False,False,True,False,False,False,False,False,False
7C30020049718,False,False,True,False,False,False,False,False,False,False
7C30020049726,True,False,False,False,False,False,True,False,False,False
7C30020049728,False,False,True,False,False,False,False,False,False,False
7C30020049729,True,False,False,True,False,False,False,False,False,False
7C30020049731,False,False,False,False,False,False,True,False,False,False
7C30020049738,False,False,False,False,True,False,False,False,False,False
7C30020049739,False,False,True,False,False,False,False,False,False,False
7C30020049740,False,False,False,True,False,False,False,False,False,False
7C30020049744,False,True,False,False,False,False,False,False,False,False
7C30020049751,False,False,False,False,False,False,True,False,False,False
7C30020049756,False,True,False,False,False,False,False,False,False,False
7C30020049762,False,False,False,False,True,False,False,False,False,False
7C30020049763,False,False,False,False,False,False,True,False,False,False
7C30020049764,False,False,False,False,False,False,True,False,False,False
7C30020049766,False,False,False,False,False,False,True,False,False,False
7C30020049770,False,False,False,False,False,True,True,False,False,False
7C30020049771,False,False,False,False,False,True,True,False,False,False
7C30020049778,False,False,False,False,False,True,True,False,False,False
7C30020049779,True,False,False,True,False,False,False,False,False,False
7C30020049780,False,False,False,False,False,False,True,False,False,False
7C30020049781,False,False,False,False,False,True,True,False,False,False
7C30020049784,False,False,False,True,False,False,False,False,False,False
7C30020049788,True,False,False,False,False,False,False,False,False,False
7C30020049793,False,False,False,True,False,False,False,False,False,False
7C30020049794,False,False,False,False,False,False,False,False,True,False
7C30020049809,True,False,False,False,False,False,False,False,False,False
7C30020049812,False,False,False,False,False,False,True,False,False,False
7C30020049814,True,False,False,False,False,False,True,False,False,False
7C30020049815,False,False,False,False,False,False,True,False,False,False
7C30020049817,False,False,False,False,False,False,True,False,False,False
7C30020049818,False,False,False,True,False,False,False,False,False,False
7C30020049822,False,False,True,False,False,False,False,False,False,False
7C30020049827,False,False,False,True,False,False,False,False,False,False
7C30020049831,False,False,False,True,False,False,False,False,False,False
7C30020049838,True,False,False,True,False,False,False,False,False,False
7C30020049841,False,False,True,False,False,False,False,False,False,False
7C30020049846,False,False,True,False,False,False,False,False,False,False
7C30020049848,False,False,False,True,False,False,False,False,False,False
7C30020049850,False,False,False,False,True,False,False,False,False,False
7C30020049855,False,False,False,False,False,False,True,False,False,False
7C30020049860,False,False,True,False,False,False,False,False,False,False
7C30020049861,False,False,True,False,False,False,False,False,False,False
7C30020049879,False,False,False,False,False,False,True,False,False,False
7C30020049886,False,False,False,True,False,False,False,False,False,False
7C30020049892,False,False,False,False,False,False,True,False,False,False
7C30020049895,False,False,False,True,False,False,False,False,False,False
7C30020049901,False,False,False,False,False,False,True,False,False,False
7C30020049906,False,False,False,True,False,False,False,False,False,False
7C30020049910,False,False,False,False,False,False,True,False,False,False
7C30020049912,False,False,True,False,False,False,False,False,False,False
7C30020049913,False,False,False,False,False,False,False,False,False,True
7C30020049915,False,True,False,False,False,False,False,False,False,False
7C30020049917,False,False,False,False,False,False,True,False,False,False
7C30020049918,False,False,False,False,False,True,True,False,False,False
7C30020049920,False,True,False,False,True,False,False,False,False,False
7C30020049922,False,False,True,False,False,False,False,False,False,False
7C30020049926,True,False,False,False,False,False,False,False,False,False
7C30020049931,False,False,False,False,False,False,True,False,False,False
7C30020049940,True,False,False,False,False,False,False,False,False,False
7C30020049941,False,False,False,True,False,False,True,False,False,False
7C30020049954,False,False,False,False,False,False,True,False,False,False
7C30020049956,False,False,False,False,True,False,False,False,False,False
7C30020049957,False,False,False,False,True,False,False,False,False,False
7C30020049958,False,False,False,False,True,False,False,False,False,False
7C30020049959,False,False,False,False,False,False,True,False,False,False
7C30020049963,False,False,False,True,False,False,True,False,False,False
7C30020049971,False,False,False,True,False,False,False,False,False,False
7C30020049985,True,False,False,False,False,False,False,False,False,False
7C30020049987,False,False,False,False,True,False,False,False,False,False
7C30020049990,True,False,False,False,False,False,False,False,False,False
7C30020049991,False,False,False,False,False,False,True,False,False,False
7C30020049992,False,False,False,False,False,False,True,False,False,False
7C30020049994,False,False,False,False,False,True,True,False,False,False
7C30020049997,False,False,False,False,False,True,False,False,False,False
7C30020050002,False,True,False,False,False,False,False,False,False,False
7C30020050003,False,False,False,True,False,False,False,False,False,False
7C30020050004,False,False,False,False,False,True,False,False,True,False
7C30020050005,False,False,False,False,True,False,True,False,False,False
7C30020050006,False,True,False,False,True,False,True,False,False,False
7C30020050008,True,False,False,True,False,False,False,False,False,False
7C30020050011,False,False,False,False,True,False,False,False,False,False
7C30020050013,True,False,False,False,False,False,False,False,False,False
7C30020050015,False,False,True,False,False,False,False,False,False,False
7C30020050017,False,True,False,True,False,False,False,False,False,False
7C30020050019,False,False,False,False,False,False,True,False,False,False
7C30020050023,False,False,False,False,False,False,True,False,False,False
7C30020050030,False,False,False,False,False,False,True,False,False,False
7C30020050031,False,False,False,False,False,True,False,False,False,False
7C30020050032,False,False,False,False,False,False,True,False,False,False
7C30020050034,False,True,False,False,False,False,False,False,False,False
7C30020050036,False,False,False,False,False,False,True,False,False,False
7C30020050037,False,False,False,True,False,False,False,False,False,False
7C30020050040,False,False,False,False,False,True,True,False,False,False
7C30020050049,False,True,False,False,False,False,False,False,False,False
7C30020050054,False,False,False,False,False,False,True,False,False,False
7C30020050055,False,False,False,False,False,True,True,False,False,False
7C30020050057,False,False,False,True,False,False,False,False,False,False
7C30020050061,False,False,False,True,False,False,False,False,False,False
7C30020050062,False,False,False,True,False,False,False,False,False,False
7C30020050075,False,False,True,False,False,False,False,False,False,False
7C30020050079,False,False,True,False,True,False,False,False,False,False
7C30020050082,True,False,False,False,False,False,False,False,False,False
7C30020050087,True,False,False,False,False,False,False,False,False,False
7C30020050094,True,False,False,False,False,False,False,False,False,False
7C30020050102,False,False,False,False,False,False,True,False,False,False
7C30020050107,True,False,False,False,False,False,False,False,False,False
7C30020050108,False,False,False,False,True,True,False,False,False,False
7C30020050114,False,False,False,False,True,False,False,False,False,False
7C30020050115,False,False,False,True,False,False,False,False,False,False
7C30020050117,False,False,False,False,False,True,False,False,False,False
7C30020050122,False,False,False,False,True,False,False,False,False,False
7C30020050126,False,False,False,False,True,False,False,False,False,False
7C30020050131,False,False,False,False,True,False,True,False,False,False
7C30020050133,False,True,False,False,False,False,False,False,False,False
7C30020050140,False,False,False,False,False,False,True,False,False,False
7C30020050142,False,False,False,False,False,True,False,False,False,False
7C30020050150,False,False,False,False,False,True,False,False,False,True
7C30020050152,True,False,False,False,False,False,False,False,False,False
7C30020050154,False,False,True,False,False,False,False,False,False,False
7C30020050157,False,False,True,False,False,False,False,False,False,False
7C30020050160,False,False,True,False,False,False,False,False,False,False
7C30020050164,False,False,False,False,True,False,False,False,False,False
7C30020050167,True,False,False,False,False,False,False,False,False,False
7C30020050168,False,False,False,False,False,False,True,False,False,False
7C30020050170,False,False,True,False,False,False,False,False,False,False
7C30020050173,False,False,True,True,False,False,False,False,False,False
7C30020050174,False,False,False,True,False,False,False,False,False,False
7C30020050175,False,False,True,False,False,False,False,False,False,False
7C30020050179,False,False,False,True,False,False,False,False,False,False
7C30020050180,False,True,False,False,False,False,False,False,False,False
7C30020050186,False,False,False,True,False,False,False,False,False,False
7C30020050188,True,False,False,False,False,True,False,False,False,False
7C30020050189,False,False,False,False,False,False,True,False,False,False
7C30020050191,False,False,True,True,True,False,False,False,False,False
7C30020050194,False,False,True,False,False,False,False,False,False,False
7C30020050200,False,False,False,False,False,False,True,False,False,False
7C30020050203,False,False,False,True,False,False,False,False,False,False
7C30020050205,False,False,False,False,False,False,True,False,False,False
7C30020050207,True,False,False,False,False,False,False,False,False,False
7C30020050213,False,False,False,False,False,False,True,False,False,False
7C30020050217,False,False,False,False,False,True,True,False,False,False
7C30020050218,False,False,False,True,False,False,False,False,False,False
7C30020050221,False,False,False,False,True,False,False,False,False,False
7C30020050222,False,False,False,False,False,False,True,False,False,False
7C30020050223,False,False,False,False,False,True,True,False,False,False
7C30020050224,False,False,False,False,True,False,False,False,False,False
7C30020050225,False,False,True,True,True,False,False,False,False,False
7C30020050227,False,False,False,False,False,True,True,False,False,False
7C30020050229,False,False,False,False,False,True,True,False,False,False
7C30020050231,False,False,False,False,False,False,True,False,False,False
7C30020050232,False,False,False,True,False,False,False,False,False,False
7C30020050233,False,False,False,True,False,False,False,False,False,False
7C30020050235,False,True,False,False,True,False,False,False,False,False
7C30020050236,False,False,False,False,False,True,False,False,False,False
7C30020050237,False,False,False,False,False,False,True,False,False,False
7C30020050239,True,True,False,False,False,False,False,False,False,False
7C30020050242,False,False,False,False,False,False,True,False,False,False
7C30020050244,False,False,False,False,False,False,True,False,False,False
7C30020050263,False,False,False,False,False,False,True,False,False,False
7C30020050267,False,False,False,False,False,False,False,False,False,True
7C30020050278,False,False,False,True,False,False,False,False,False,False
7C30020050279,False,False,True,False,False,False,False,False,False,False
7C30020050287,False,False,False,False,False,False,True,False,False,False
7C30020050289,False,False,False,False,True,False,False,False,False,False
7C30020050304,False,False,False,True,False,False,False,False,False,False
7C30020050307,False,False,False,True,False,False,False,False,False,False
7C30020050311,False,False,False,False,False,False,True,False,False,False
7C30020050313,False,True,False,False,False,False,False,False,False,False
7C30020050318,False,False,False,True,True,False,False,False,False,False
7C30020050319,False,False,True,False,False,False,False,False,False,False
7C30020050323,False,False,False,False,False,False,True,False,False,False
7C30020050324,False,False,False,False,False,False,True,False,False,False
7C30020050334,False,True,False,False,False,False,False,False,False,False
7C30020050335,False,False,False,False,False,True,False,False,False,False
7C30020050342,False,True,False,False,False,False,False,False,False,False
7C30020050344,False,True,False,False,False,False,False,False,False,False
7C30020050348,False,False,False,False,True,True,True,False,False,False
7C30020050352,False,False,False,False,False,False,True,False,False,False
7C30020050355,False,False,True,False,False,False,False,False,False,False
7C30020050356,False,False,False,True,False,False,False,False,False,False
7C30020050359,False,False,False,False,False,False,True,False,False,False
7C30020050362,True,False,False,False,False,False,False,False,False,False
7C30020050363,False,False,True,False,False,False,False,False,False,False
7C30020050368,False,False,False,True,False,False,False,False,False,False
7C30020050370,True,False,False,False,False,False,False,False,False,False
7C30020050371,False,False,False,True,False,False,False,False,False,False
7C30020050372,False,False,False,False,False,True,False,False,False,False
7C30020050374,True,False,False,True,False,False,False,False,False,False
7C30020050376,False,False,False,True,False,False,False,False,False,False
7C30020050377,False,False,False,False,False,False,True,False,False,False
7C30020050378,False,False,False,True,False,False,False,False,False,False
7C30020050383,False,False,False,False,False,False,True,False,False,False
7C30020050388,False,False,True,False,False,False,False,False,False,False
7C30020050403,False,False,False,True,False,False,False,False,False,False
7C30020050404,False,False,True,False,False,False,False,False,False,False
7C30020050412,False,False,False,True,False,False,False,False,False,False
7C30020050413,False,False,False,False,False,False,True,False,False,False
7C30020050414,False,False,False,True,False,False,False,False,False,False
7C30020050418,False,False,False,True,False,False,False,False,False,False
7C30020050419,False,False,False,True,False,False,False,False,False,False
7C30020050421,True,False,False,False,False,False,False,False,False,False
7C30020050424,False,False,False,True,False,False,False,False,False,False
7C30020050425,False,False,False,True,False,False,False,False,False,False
7C30020050427,False,False,False,False,False,False,True,False,False,False
7C30020050429,False,False,True,False,False,False,False,False,False,False
7C30020050435,False,False,False,False,True,False,False,False,False,True
7C30020050436,False,False,False,False,False,True,True,False,False,False
7C30020050443,False,False,False,False,False,True,False,False,False,False
7C30020050445,False,False,False,False,False,False,True,False,False,False
7C30020050450,False,False,False,True,True,False,False,False,False,False
7C30020050451,False,False,False,False,False,True,False,False,False,False
7C30020050453,False,False,False,False,True,False,False,False,False,False
7C30020050457,False,False,True,False,False,False,False,False,False,False
7C30020050459,False,False,False,False,False,True,True,False,False,False
7C30020050463,False,False,False,True,True,False,False,False,False,False
7C30020050465,False,False,False,True,False,False,False,False,False,False
7C30020050468,False,False,False,True,False,False,False,False,False,False
7C30020050470,False,False,True,False,False,False,False,False,False,False
7C30020050471,False,False,False,True,False,False,False,False,False,False
7C30020050473,False,False,False,False,False,False,False,False,False,True
7C30020050478,False,False,False,True,False,False,False,False,False,False
7C30020050479,False,False,False,False,False,False,True,False,False,False
7C30020050481,False,False,False,False,False,False,True,False,False,False
7C30020050483,False,False,False,True,False,False,False,False,False,False
7C30020050484,False,False,True,False,False,False,False,False,False,True
7C30020050491,False,False,False,False,False,False,True,False,False,False
7C30020050492,False,False,False,False,False,False,True,False,False,False
7C30020050497,False,False,False,False,False,False,True,False,False,False
7C30020050498,False,False,False,False,True,False,False,False,False,False
7C30020050500,False,False,True,False,False,False,False,False,False,False
7C30020050501,False,False,True,True,False,False,False,False,False,False
7C30020050507,True,False,False,False,False,False,False,False,False,False
7C30020050525,False,False,False,False,False,False,True,False,False,False
7C30020050527,False,False,False,False,False,False,True,False,False,False
7C30020050529,True,False,False,False,False,False,False,False,False,False
7C30020050530,False,False,False,True,False,False,False,False,False,False
7C30020050533,False,False,False,False,False,True,False,False,False,False
7C30020050535,False,False,True,False,False,False,False,False,False,False
7C30020050536,False,False,False,True,False,False,False,False,False,False
7C30020050537,True,False,False,False,False,False,False,False,False,False
7C30020050539,False,False,False,False,True,False,False,False,False,False
7C30020050546,False,False,False,True,False,False,False,False,False,False
7C30020050547,True,False,False,False,False,False,False,False,False,False
7C30020050549,False,False,False,False,False,False,True,False,False,False
7C30020050551,False,False,False,False,False,False,True,False,False,False
7C30020050552,False,False,False,True,False,False,False,False,False,False
7C30020050554,False,True,False,False,False,False,False,False,False,False
7C30020050555,False,False,False,False,False,False,True,False,False,False
7C30020050559,False,False,False,True,False,False,False,False,False,False
7C30020050563,False,False,False,False,False,False,False,True,False,False
7C30020050568,False,False,False,True,False,False,False,False,True,False
7C30020050575,False,False,False,False,False,False,True,False,False,False
7C30020050577,False,False,True,False,False,False,False,False,False,False
7C30020050585,False,True,False,False,False,False,False,False,False,False
7C30020050586,False,True,False,False,False,False,False,False,False,False
7C30020050591,False,False,False,False,True,False,False,False,False,False
7C30020050600,False,True,False,False,False,False,False,False,False,False
7C30020050603,False,False,True,False,False,False,False,False,False,False
7C30020050608,False,False,False,True,False,False,False,False,False,False
7C30020050612,False,False,False,True,False,False,False,False,False,False
7C30020050614,False,False,False,False,False,False,True,False,False,False
7C30020050619,False,False,False,True,False,False,False,False,False,False
7C30020050621,False,False,False,False,False,False,True,False,False,False
7C30020050623,True,False,False,False,False,False,True,False,False,False
7C30020050624,False,False,False,False,True,False,False,False,False,False
7C30020050627,False,False,False,False,False,False,True,False,False,False
7C30020050628,True,False,False,False,False,False,True,False,False,False
7C30020050633,False,False,False,False,False,False,True,False,False,False
7C30020050634,False,False,True,False,False,False,False,False,False,False
7C30020050638,True,False,False,False,False,False,False,False,False,False
7C30020050644,False,True,False,False,False,False,False,False,False,False
7C30020050645,False,False,False,False,False,False,True,False,False,False
7C30020050646,False,False,True,False,True,False,False,False,False,False
7C30020050662,False,False,False,True,False,False,False,False,False,False
7C30020050663,False,True,False,False,False,True,False,False,False,False
7C30020050674,False,False,False,False,True,False,False,False,False,False
7C30020050678,True,False,False,False,True,False,False,False,False,False
7C30020050680,False,False,False,False,True,False,False,False,False,False
7C30020050682,False,False,False,False,False,True,False,False,False,False
7C30020050684,False,False,False,True,False,False,False,False,False,False
7C30020050686,False,False,False,False,True,False,False,False,False,False
7C30020050688,False,False,False,False,False,False,True,False,False,False
7C30020050690,False,False,False,False,False,False,True,False,False,False
7C30020050691,False,False,False,False,False,False,True,False,False,False
7C30020050692,False,False,False,False,False,False,True,False,False,False
7C30020050695,False,False,False,False,False,False,True,False,False,False
7C30020050696,True,False,False,False,False,False,False,False,False,False
7C30020050698,False,False,False,False,True,False,True,False,False,False
7C30020050700,False,False,False,False,False,False,True,False,False,False
7C30020050705,False,False,False,False,False,False,True,False,False,False
7C30020050708,False,False,False,False,False,False,True,False,False,False
7C30020050710,False,False,False,False,False,False,True,False,False,False
7C30020050711,False,False,False,False,False,False,True,False,False,False
7C30020050712,True,False,False,False,False,False,True,False,False,False
7C30020050713,False,False,False,False,False,True,False,False,False,False
7C30020050722,False,False,False,False,False,False,True,False,False,False
7C30020050723,False,False,False,False,True,False,False,False,False,False
7C30020050724,False,False,False,False,False,True,False,False,False,False
7C30020050726,False,False,False,False,False,False,True,False,False,False
7C30020050728,False,False,False,True,False,False,False,False,False,False
7C30020050730,False,False,False,False,False,False,True,False,False,False
7C30020050741,False,False,False,True,True,False,False,False,False,False
7C30020050743,False,True,False,False,False,False,False,False,False,False
7C30020050746,False,False,False,True,False,False,False,False,False,False
7C30020050749,False,False,False,False,True,False,False,False,False,False
7C30020050752,False,False,False,False,False,False,True,False,False,False
7C30020050754,True,False,False,False,False,False,False,False,False,False
7C30020050756,False,False,False,True,False,False,True,False,False,False
7C30020050757,True,False,False,False,False,False,False,False,False,False
7C30020050763,False,False,False,True,False,False,False,False,False,False
7C30020050764,False,False,False,False,True,False,False,False,False,False
7C30020050767,True,False,False,False,False,False,False,False,False,False
7C30020050768,False,False,True,True,False,False,False,False,False,False
7C30020050771,False,False,False,True,False,False,False,False,False,False
7C30020050774,False,False,False,True,False,False,False,False,False,False
7C30020050775,False,False,False,True,False,False,False,False,False,False
7C30020050776,False,False,False,False,False,False,False,True,False,False
7C30020050782,True,False,False,False,False,False,False,False,False,False
7C30020050784,False,False,True,False,False,False,False,False,False,False
7C30020050790,False,False,False,False,True,False,False,False,False,False
7C30020050792,False,False,False,False,False,False,True,False,False,False
7C30020050795,False,False,False,True,False,False,False,False,False,False
7C30020050807,True,False,False,False,False,False,False,False,False,False
7C30020050808,False,False,False,False,False,False,True,False,False,False
7C30020050810,False,False,False,True,True,False,False,False,False,False
7C30020050814,True,False,False,False,False,False,True,False,False,False
7C30020050818,False,False,False,True,False,False,False,False,False,False
7C30020050819,False,True,False,True,False,False,False,False,False,False
7C30020050820,False,False,False,False,False,False,True,False,False,False
7C30020050822,False,False,False,False,False,False,True,False,False,False
7C30020050823,False,False,False,True,False,False,False,False,False,False
7C30020050839,False,False,False,False,True,False,False,False,False,False
7C30020050840,False,False,True,False,False,False,False,False,False,False
7C30020050841,False,True,False,True,False,False,True,False,False,False
7C30020050860,False,False,False,False,False,False,True,False,False,False
7C30020050863,False,True,False,False,False,False,False,False,False,False
7C30020050864,False,True,False,False,False,False,False,False,False,False
7C30020050865,False,True,False,False,False,False,False,False,False,False
7C30020050866,False,True,False,False,False,False,False,False,False,False
7C30020050868,False,True,False,False,False,False,False,False,False,False
7C30020050869,False,True,False,False,False,False,False,False,False,False
7C30020050870,False,True,False,False,False,False,False,False,False,False
7C30020050871,False,True,False,False,False,False,False,False,False,False
7C30020050875,False,False,True,False,False,False,False,False,False,False
7C30020050876,False,False,False,False,True,False,False,False,False,False
7C30020050879,False,False,False,False,False,False,True,False,False,False
7C30020050880,False,False,False,False,False,True,False,False,False,False
7C30020050881,False,False,False,True,False,False,False,False,False,False
7C30020050882,False,False,False,True,False,False,False,False,False,False
7C30020050891,False,False,False,True,False,False,False,False,False,False
7C30020050894,False,False,False,False,False,False,True,False,False,False
7C30020050895,False,False,False,True,False,False,True,False,False,False
7C30020050897,False,True,False,False,False,False,False,False,False,False
7C30020050911,False,False,False,False,True,False,False,False,False,False
7C30020050914,False,False,False,False,False,False,True,False,False,False
7C30020050915,False,False,False,True,False,False,False,False,False,False
7C30020050916,False,False,False,False,False,False,True,False,False,False
7C30020050920,False,False,False,False,False,False,True,False,False,False
7C30020050921,False,False,False,False,False,False,True,False,False,False
7C30020050924,False,False,False,False,False,True,True,False,False,False
7C30020050926,False,False,False,False,False,True,False,False,False,False
7C30020050927,False,False,False,False,False,False,True,False,False,False
7C30020050931,False,False,False,False,True,True,True,False,False,False
7C30020050932,False,False,False,True,False,False,False,False,False,False
7C30020050940,True,True,False,False,False,False,False,False,False,False
7C30020050944,False,False,False,False,False,False,True,False,False,False
7C30020050952,False,True,False,False,False,False,False,False,False,False
7C30020050953,True,False,False,False,False,False,False,False,False,False
7C30020050955,False,False,False,False,False,False,True,False,False,False
7C30020050968,False,False,False,False,False,False,True,False,False,False
7C30020050969,False,False,False,False,False,False,True,False,False,False
7C30020050975,False,False,False,True,False,False,False,False,False,False
7C30020050976,True,True,False,False,False,False,False,True,False,False
7C30020050993,False,False,True,False,False,False,False,False,False,False
7C30020050996,False,False,False,False,False,False,True,False,False,False
7C30020051000,False,False,False,False,False,False,True,False,False,False
7C30020051004,False,False,False,True,False,False,False,False,False,False
7C30020051008,False,False,True,False,False,False,False,False,False,False
7C30020051009,False,False,False,False,True,False,False,False,False,False
7C30020051010,False,False,True,False,False,False,False,False,False,False
7C30020051013,False,False,False,False,False,False,True,False,False,False
7C30020051014,False,False,False,True,False,False,False,False,False,False
7C30020051015,False,False,True,False,False,False,False,False,False,False
7C30020051022,False,False,True,False,False,False,False,False,False,False
7C30020051032,False,False,False,False,True,False,False,False,False,False
7C30020051035,False,False,False,False,True,False,False,False,False,False
7C30020051038,False,False,True,False,False,False,False,False,False,False
7C30020051040,False,False,False,False,False,False,True,False,False,False
7C30020051042,False,False,True,True,False,False,False,False,False,False
7C30020051053,False,False,True,False,False,False,False,False,False,False
7C30020051057,False,False,False,False,False,False,True,False,False,False
7C30020051062,False,False,False,False,False,False,True,False,False,False
7C30020051065,False,False,False,False,False,True,False,False,False,False
7C30020051066,False,False,False,False,False,False,False,False,False,True
7C30020051067,False,False,False,False,True,False,False,False,False,False
7C30020051074,False,False,False,False,False,True,False,False,False,False
7C30020051076,False,False,False,True,False,False,False,False,False,False
7C30020051088,False,False,False,False,True,False,False,False,False,False
7C30020051089,True,True,False,False,False,False,False,False,False,False
7C30020051095,False,False,False,False,True,False,False,False,False,False
7C30020051097,True,False,False,False,False,False,False,False,False,False
7C30020051102,False,False,False,False,False,True,False,False,False,False
7C30020051106,False,False,False,False,False,False,True,False,False,False
7C30020051107,False,False,False,False,False,False,True,False,False,False
7C30020051108,False,True,False,False,False,False,True,False,False,False
7C30020051114,False,True,False,False,False,False,False,False,False,False
7C30020051115,False,False,False,False,False,False,True,False,False,False
7C30020051118,False,False,False,False,False,False,True,False,False,False
7C30020051121,False,False,False,True,False,False,False,False,False,False
7C30020051123,False,False,False,False,False,True,True,False,False,False
7C30020051125,False,False,False,False,False,False,True,False,False,False
7C30020051126,False,False,False,False,False,False,True,False,False,False
7C30020051127,False,False,False,False,False,False,True,False,False,False
7C30020051129,False,False,False,False,False,True,True,False,False,False
7C30020051130,False,False,False,True,False,False,False,False,False,False
7C30020051134,False,False,False,False,True,False,False,False,False,False
7C30020051135,False,False,False,False,False,False,True,False,False,False
7C30020051138,False,False,False,False,False,False,True,False,False,False
7C30020051139,False,False,False,True,False,False,False,False,False,False
7C30020051144,True,False,False,False,False,False,False,False,False,False
7C30020051145,False,False,False,True,False,False,False,False,False,False
7C30020051146,False,False,False,False,True,False,False,False,False,False
7C30020051153,False,False,False,False,False,True,False,False,False,False
7C30020051154,False,True,False,False,False,False,False,False,False,False
7C30020051161,False,False,False,True,False,False,False,False,False,False
7C30020051162,False,True,False,False,False,False,True,False,False,False
7C30020051163,False,False,False,False,False,False,True,False,False,False
7C30020051165,False,False,False,False,False,False,True,False,False,False
7C30020051168,False,False,False,True,False,False,False,False,False,False
7C30020051173,True,False,False,True,False,False,False,False,False,False
7C30020051176,False,False,False,True,False,False,False,False,False,False
7C30020051188,False,False,False,True,False,False,False,False,False,False
7C30020051193,False,False,True,False,False,False,False,False,False,False
7C30020051194,True,False,False,False,False,False,False,False,False,False
7C30020051195,False,False,False,False,False,False,True,False,False,False
7C30020051201,True,False,False,False,False,False,False,False,False,False
7C30020051203,True,False,False,False,False,False,False,False,False,False
7C30020051206,False,False,True,False,False,False,False,False,False,False
7C30020051207,False,True,False,False,False,False,False,False,False,False
7C30020051210,False,False,False,True,False,False,False,False,False,False
7C30020051211,False,False,True,False,False,False,False,False,False,False
7C30020051217,True,False,False,False,True,False,False,False,False,False
7C30020051219,False,False,False,False,False,False,True,False,False,False
7C30020051226,False,False,True,False,False,False,False,False,False,False
7C30020051228,True,False,False,False,False,False,True,False,False,False
7C30020051235,False,False,False,False,False,False,True,False,False,False
7C30020051241,False,False,False,True,False,False,False,False,False,False
7C30020051242,False,False,False,True,False,False,False,False,False,False
7C30020051252,True,False,False,False,False,False,False,False,False,False
7C30020051254,False,False,False,True,False,False,True,False,False,False
7C30020051257,False,False,False,False,False,False,True,False,False,False
7C30020051258,False,False,False,False,False,True,False,False,False,False
7C30020051259,False,False,False,False,False,True,False,False,False,False
7C30020051264,False,False,False,True,False,False,False,False,False,False
7C30020051272,False,True,False,False,False,False,False,False,False,False
7C30020051277,False,False,False,True,False,False,True,False,False,False
7C30020051279,True,False,False,False,False,False,False,False,False,False
7C30020051282,False,False,False,False,True,False,False,False,False,False
7C30020051283,False,False,False,True,False,False,True,False,False,False
7C30020051285,False,True,False,True,True,False,False,False,False,False
7C30020051294,False,False,False,True,False,False,False,False,False,False
7C30020051298,False,False,False,True,False,False,False,False,False,False
7C30020051301,True,False,False,True,False,False,False,False,False,False
7C30020051305,False,False,False,True,False,False,False,False,False,False
7C30020051307,False,True,False,False,False,False,False,False,False,False
7C30020051308,False,False,False,False,False,False,True,False,False,False
7C30020051309,True,True,False,False,False,False,False,False,False,False
7C30020051310,False,False,False,False,False,False,True,False,False,False
7C30020051314,False,False,False,True,False,False,False,False,False,False
7C30020051318,False,False,False,False,True,False,False,False,False,False
7C30020051321,True,False,False,False,False,False,False,False,False,False
7C30020051323,False,False,False,False,False,False,True,False,False,False
7C30020051325,False,False,False,False,False,False,True,False,False,False
7C30020051329,False,False,False,False,True,True,False,False,False,False
7C30020051333,False,False,False,False,False,False,True,False,False,False
7C30020051334,False,False,False,True,False,False,False,False,False,False
7C30020051336,False,False,False,False,True,False,True,False,False,False
7C30020051339,False,False,False,False,False,False,True,False,False,False
7C30020051340,False,False,False,False,False,False,True,False,False,False
7C30020051342,True,False,False,False,False,False,False,False,False,False
7C30020051345,False,False,False,False,False,False,True,False,False,False
7C30020051347,False,False,False,False,False,False,True,False,False,False
7C30020051353,False,False,False,False,False,False,True,False,False,False
7C30020051361,True,False,False,False,False,False,False,False,False,False
7C30020051362,False,False,False,False,False,False,True,False,False,False
7C30020051363,False,False,False,True,False,False,False,False,False,False
7C30020051366,False,False,False,False,False,False,True,False,False,False
7C30020051367,False,False,False,False,False,False,True,False,False,False
7C30020051369,False,False,False,True,False,False,False,False,False,False
7C30020051379,False,False,False,False,False,False,True,False,False,False
7C30020051380,False,False,True,False,False,False,False,False,False,False
7C30020051391,False,False,False,True,False,False,True,False,False,False
7C30020051399,False,False,False,True,True,False,False,False,False,False
7C30020051401,False,False,False,False,False,False,True,False,False,False
7C30020051402,False,False,False,True,False,False,False,False,False,False
7C30020051407,False,False,False,False,False,True,False,False,False,False
7C30020051413,False,False,True,False,False,False,False,False,False,False
7C30020051414,False,False,False,True,False,False,True,False,False,False
7C30020051416,False,False,False,True,False,False,False,False,False,False
7C30020051418,False,False,False,False,False,True,False,False,False,False
7C30020051433,False,False,False,False,True,False,False,False,False,False
7C30020051437,False,False,False,True,False,False,False,False,False,False
7C30020051439,False,False,True,False,False,False,False,False,False,False
7C30020051443,False,False,False,False,False,True,False,False,False,False
7C30020051454,False,False,False,False,False,False,False,False,False,True
7C30020051455,False,False,False,True,False,False,False,False,False,False
7C30020051458,False,False,True,False,False,False,False,False,False,False
7C30020051461,False,False,False,False,False,False,True,False,False,False
7C30020051462,False,False,False,True,False,False,False,False,False,False
7C30020051463,False,False,False,True,False,False,False,False,False,False
7C30020051468,False,False,False,True,False,False,False,False,False,False
7C30020051472,False,True,False,False,False,False,False,False,False,False
7C30020051475,False,False,False,False,True,False,False,False,False,False
7C30020051483,True,True,False,False,False,False,False,False,False,False
7C30020051489,False,False,False,True,False,False,False,False,False,False
7C30020051492,False,False,False,False,False,False,False,False,False,True
7C30020051499,True,False,False,False,False,False,False,False,False,False
7C30020051501,False,False,True,False,False,False,False,False,False,False
7C30020051507,False,False,False,False,False,False,True,False,False,False
7C30020051508,False,False,False,True,False,False,False,False,False,False
7C30020051512,False,False,False,False,False,False,True,False,False,False
7C30020051516,False,False,False,False,True,False,False,False,False,False
7C30020051517,False,False,False,True,False,False,False,False,False,False
7C30020051520,False,False,False,True,False,False,False,False,False,False
7C30020051522,False,False,False,False,False,True,False,False,False,False
7C30020051524,False,False,False,False,False,False,True,False,False,False
7C30020051527,False,False,False,True,False,False,False,False,False,False
7C30020051528,False,False,False,False,False,False,True,False,False,False
7C30020051532,False,False,False,True,False,False,False,False,False,False
7C30020051549,False,False,False,True,False,False,False,False,False,False
7C30020051555,False,True,False,False,False,False,False,False,False,False
7C30020051559,False,False,False,False,False,False,True,False,False,False
7C30020051560,False,False,False,True,False,False,False,False,False,False
7C30020051563,False,False,False,True,False,False,False,False,False,False
7C30020051564,False,False,False,False,False,False,True,False,False,False
7C30020051565,False,False,False,False,False,False,True,False,False,False
7C30020051567,False,False,False,False,False,True,False,False,False,False
7C30020051571,False,True,False,False,False,False,False,False,False,False
7C30020051578,False,False,False,False,True,False,False,False,False,False
7C30020051583,False,True,False,False,False,False,False,False,False,False
7C30020051584,False,False,False,False,False,False,False,False,False,True
7C30020051595,False,True,False,True,False,False,False,False,False,False
7C30020051607,False,True,False,False,False,False,False,False,False,False
7C30020051608,False,True,False,False,False,False,False,False,False,False
7C30020051609,False,False,False,True,False,False,False,False,False,False
7C30020051612,False,False,False,False,True,False,False,False,False,False
7C30020051613,False,False,False,False,False,True,False,False,False,False
7C30020051617,False,False,False,True,False,False,False,False,False,False
7C30020051619,False,False,True,False,False,False,False,False,False,False
7C30020051624,False,False,False,True,False,False,False,False,False,False
7C30020051625,False,False,False,True,False,False,False,False,False,False
7C30020051629,False,False,False,False,False,False,True,False,False,False
7C30020051630,False,False,False,False,False,False,True,False,False,False
7C30020051631,False,False,False,True,False,False,False,False,False,False
7C30020051634,True,False,False,False,False,False,False,False,False,False
7C30020051644,False,False,True,True,False,False,False,False,False,False
7C30020051651,True,False,False,False,False,False,False,False,False,False
7C30020051653,False,False,False,True,False,False,False,False,False,False
7C30020051659,False,False,False,False,False,True,True,False,False,False
7C30020051666,False,False,True,False,False,False,False,False,False,False
7C30020051668,False,False,False,False,True,False,False,False,False,False
7C30020051671,False,False,False,False,False,False,True,False,False,False
7C30020051673,False,False,False,True,False,False,False,False,False,False
7C30020051674,False,False,False,False,False,False,True,False,False,False
7C30020051676,True,False,False,False,False,False,False,False,False,False
7C30020051680,True,False,False,False,False,False,False,False,False,False
7C30020051683,False,False,False,False,False,False,True,False,False,False
7C30020051684,False,False,False,True,False,False,False,False,False,False
7C30020051689,False,False,True,False,False,False,False,False,False,False
7C30020051691,True,False,False,False,False,False,False,False,False,False
7C30020051693,False,False,False,False,True,False,False,False,False,False
7C30020051696,True,False,False,True,False,False,False,False,False,False
7C30020051700,False,True,False,True,False,False,False,False,False,False
7C30020051701,False,False,True,True,False,False,False,False,False,False
7C30020051706,False,False,True,False,False,False,False,False,False,False
7C30020051713,False,False,False,True,False,False,False,False,False,False
7C30020051715,False,False,False,False,False,False,True,False,False,False
7C30020051728,False,False,False,True,False,False,False,False,False,False
7C30020051732,False,False,False,True,False,False,False,False,False,False
7C30020051733,False,False,False,True,False,False,False,False,False,False
7C30020051734,False,False,False,True,False,False,False,False,False,False
7C30020051735,False,False,False,True,False,False,False,False,False,False
7C30020051741,True,False,False,False,False,False,False,False,False,False
7C30020051742,False,False,False,False,True,False,False,False,False,False
7C30020051745,False,False,False,False,False,True,False,False,False,False
7C30020051746,False,False,False,True,False,False,True,False,False,False
7C30020051747,True,False,False,False,False,True,False,False,False,False
7C30020051749,False,False,False,False,False,False,True,False,False,False
7C30020051752,False,False,False,False,False,True,False,False,False,False
7C30020051753,False,False,False,False,False,False,True,False,False,False
7C30020051754,False,False,False,False,True,True,True,False,False,False
7C30020051755,False,False,False,False,False,False,True,False,False,False
7C30020051756,False,False,False,False,False,False,True,False,False,False
7C30020051760,False,False,False,False,True,False,False,False,False,False
7C30020051764,False,False,False,False,False,True,False,False,False,False
7C30020051767,False,False,False,False,False,False,True,False,False,False
7C30020051768,False,False,False,False,False,False,True,False,False,False
7C30020051771,False,False,False,False,False,False,True,False,False,False
7C30020051772,False,False,False,False,False,True,False,False,False,False
7C30020051776,False,False,False,False,False,False,True,False,False,False
7C30020051777,False,False,False,False,False,False,True,False,False,False
7C30020051779,False,False,False,False,False,False,True,False,False,False
7C30020051782,False,False,False,False,False,False,True,False,False,False
7C30020051783,False,False,False,False,False,False,True,False,False,False
7C30020051784,False,False,False,False,False,True,False,False,False,False
7C30020051790,False,False,False,False,False,False,False,False,False,True
7C30020051798,False,False,False,False,False,False,True,False,False,False
7C30020051807,False,False,False,True,False,False,False,False,False,False
7C30020051813,False,False,False,True,False,False,False,False,False,False
7C30020051816,False,False,False,True,False,False,False,False,False,False
7C30020051821,False,False,False,False,False,False,True,False,False,False
7C30020051824,False,False,False,True,True,False,False,False,False,False
7C30020051835,False,False,False,False,True,False,False,False,False,False
7C30020051837,False,False,False,False,False,False,True,False,False,False
7C30020051843,False,False,False,False,False,False,True,False,False,False
7C30020051844,False,False,False,False,False,False,True,False,False,False
7C30020051845,False,False,False,True,False,False,False,False,False,False
7C30020051849,False,False,False,False,False,False,True,False,False,False
7C30020051851,False,False,False,True,False,False,False,False,False,False
7C30020051856,False,False,True,False,False,False,False,False,False,False
7C30020051864,True,True,False,False,False,False,False,False,False,False
7C30020051865,False,False,False,True,True,False,False,False,False,False
7C30020051872,False,False,False,True,False,False,False,False,False,False
7C30020051875,False,False,True,False,False,False,False,False,False,False
7C30020051876,False,False,False,True,False,False,False,False,False,False
7C30020051877,False,False,False,False,True,False,False,False,False,False
7C30020051883,False,False,False,False,False,False,True,False,False,False
7C30020051885,False,False,False,False,True,False,False,False,False,False
7C30020051895,False,False,False,True,False,False,False,False,False,False
7C30020051901,False,False,False,False,False,False,True,False,False,False
7C30020051909,False,False,False,True,False,False,False,False,False,False
7C30020051910,False,False,False,False,False,False,True,False,False,False
7C30020051912,False,False,False,False,False,False,True,False,False,False
7C30020051913,True,False,False,False,False,False,True,False,False,False
7C30020051914,False,False,False,False,False,False,True,False,False,False
7C30020051916,False,False,False,True,False,False,False,False,False,False
7C30020051920,False,False,False,False,False,False,True,False,False,False
7C30020051927,True,False,False,False,False,False,False,False,False,False
7C30020051938,False,False,False,True,False,False,False,False,False,False
7C30020051940,False,False,False,True,False,False,False,False,False,False
7C30020051941,True,False,False,False,False,False,False,False,False,False
7C30020051943,True,True,False,True,False,False,False,False,False,False
7C30020051945,False,True,False,False,False,False,False,False,False,False
7C30020051950,False,False,False,True,False,False,False,False,False,False
7C30020051952,False,False,False,True,True,False,False,False,False,False
7C30020051953,False,False,False,True,False,False,False,False,False,False
7C30020051956,False,False,True,False,False,False,False,False,False,False
7C30020051957,False,False,False,True,False,False,False,False,False,False
7C30020051958,False,False,False,False,False,False,True,False,False,False
7C30020051961,False,False,False,False,False,True,True,False,False,False
7C30020051962,False,False,False,False,False,True,True,False,False,False
7C30020051963,False,False,False,False,False,False,True,False,False,False
7C30020051964,False,False,False,False,False,False,True,False,False,False
7C30020051967,False,False,False,False,True,False,False,False,False,False
7C30020051970,False,False,False,False,False,True,True,False,False,False
7C30020051971,True,False,False,False,False,False,False,False,False,False
7C30020051972,False,False,False,False,False,False,True,False,False,False
7C30020051973,False,False,False,False,False,True,True,False,False,False
7C30020051974,False,False,False,True,False,False,False,False,False,False
7C30020051976,False,False,False,True,False,False,True,False,False,False
7C30020051977,False,False,False,False,False,False,True,False,False,False
7C30020051978,False,False,False,False,True,False,False,False,False,False
7C30020051984,False,False,False,False,False,False,True,False,False,False
7C30020051986,False,True,False,False,False,False,True,False,False,False
7C30020051987,False,False,False,True,False,False,False,False,False,False
7C30020051988,False,False,False,False,False,False,True,False,False,False
7C30020051999,False,False,False,False,True,False,False,False,False,False
7C30020052001,False,False,False,False,True,False,False,False,False,False
7C30020052003,True,False,False,False,False,False,False,False,False,False
7C30020052007,True,False,False,False,False,False,False,False,False,False
7C30020052008,False,True,False,False,False,False,False,False,False,False
7C30020052014,False,False,False,False,False,False,True,False,False,False
7C30020052029,False,False,False,False,False,False,True,False,False,False
7C30020052030,False,False,False,False,True,False,False,False,False,False
7C30020052034,False,False,False,False,False,False,True,False,False,False
7C30020052044,False,False,True,False,False,False,False,False,False,False
7C30020052054,False,False,False,True,False,False,False,False,False,False
7C30020052059,False,False,False,False,False,False,True,False,False,False
7C30020052060,False,False,True,True,False,False,True,False,False,False
7C30020052064,False,False,False,True,False,False,False,False,False,False
7C30020052065,False,False,False,False,False,False,True,False,False,False
7C30020052067,False,False,False,False,False,False,True,False,False,False
7C30020052071,False,False,False,True,True,False,False,False,False,False
7C30020052077,False,True,False,False,False,False,False,False,False,False
7C30020052079,False,False,False,False,False,False,True,False,False,False
7C30020052080,False,False,False,False,False,False,True,False,False,False
7C30020052086,False,True,True,False,False,False,False,False,False,False
7C30020052089,False,False,False,True,False,False,True,False,False,False
7C30020052090,False,False,False,True,False,False,False,False,False,False
7C30020052091,False,False,False,True,False,False,False,False,False,False
7C30020052094,True,True,False,False,False,False,False,False,False,False
7C30020052095,False,False,False,False,True,False,False,False,False,False
7C30020052102,True,True,False,False,False,False,False,False,False,False
7C30020052106,False,False,False,False,False,False,True,False,False,False
7C30020052108,False,False,False,False,False,True,True,False,False,False
7C30020052112,False,True,False,False,False,False,False,False,False,False
7C30020052114,False,False,False,True,False,False,False,False,False,False
7C30020052117,False,True,False,False,False,False,False,False,False,False
7C30020052131,False,False,True,False,False,False,False,False,False,False
7C30020052136,False,False,False,True,False,False,False,False,False,False
7C30020052137,False,False,False,True,False,False,False,False,False,False
7C30020052138,False,True,False,False,False,False,False,False,False,False
7C30020052141,False,False,True,False,False,False,False,False,False,False
7C30020052143,False,False,False,True,False,False,False,False,False,False
7C30020052145,False,False,False,True,False,False,False,False,False,False
7C30020052151,True,False,False,False,False,False,False,False,False,False
7C30020052155,False,False,False,False,False,False,True,False,False,False
7C30020052157,False,False,False,False,False,False,True,False,False,False
7C30020052158,False,False,False,True,False,False,False,False,False,False
7C30020052164,False,False,False,True,False,False,False,False,False,False
7C30020052173,True,True,False,False,False,False,False,False,False,False
7C30020052175,False,False,False,True,False,False,False,False,False,False
7C30020052177,False,False,False,True,False,False,False,False,False,False
7C30020052179,True,False,False,False,False,False,False,False,False,False
7C30020052181,False,False,False,True,False,False,False,False,False,False
7C30020052182,False,False,False,True,True,False,False,False,False,False
7C30020052186,False,False,False,True,False,False,False,False,False,False
7C30020052189,False,False,False,False,False,True,False,False,False,False
7C30020052192,False,False,False,True,False,False,False,False,False,False
7C30020052200,False,False,False,True,False,False,False,False,False,False
7C30020052203,False,False,False,False,False,False,False,False,False,True
7C30020052204,False,False,False,False,False,False,False,False,False,True
7C30020052208,False,False,False,False,False,False,True,False,False,False
7C30020052209,False,False,False,False,False,False,True,False,False,False
7C30020052210,False,False,False,False,True,False,False,False,False,False
7C30020052211,False,False,False,False,False,True,True,False,False,False
7C30020052212,False,False,False,False,False,False,True,False,False,False
7C30020052213,False,False,False,False,False,True,False,False,False,False
7C30020052216,False,False,False,False,False,False,True,False,False,False
7C30020052217,False,False,False,True,False,False,False,False,False,False
7C30020052218,False,False,False,False,False,False,True,False,False,False
7C30020052219,True,False,False,False,False,False,False,False,False,False
7C30020052223,False,False,False,True,False,False,False,False,False,False
7C30020052226,False,False,False,True,True,False,False,False,False,False
7C30020052229,False,False,True,False,False,False,False,False,False,False
7C30020052230,False,False,False,False,False,False,True,False,False,False
7C30020052231,False,False,False,True,False,False,False,False,False,False
7C30020052233,False,False,False,True,False,False,False,False,True,False
7C30020052235,False,False,False,True,True,False,False,False,False,False
7C30020052236,False,False,False,False,False,False,True,False,False,False
7C30020052238,True,False,False,False,False,False,False,False,False,False
7C30020052241,False,False,False,False,False,False,True,False,False,False
7C30020052245,False,True,False,False,False,False,False,False,False,False
7C30020052253,False,False,False,False,False,False,True,False,False,False
7C30020052255,False,False,False,False,False,False,True,False,False,False
7C30020052258,False,False,False,False,False,False,True,False,False,False
7C30020052267,True,False,False,False,False,False,True,False,False,False
7C30020052268,False,False,False,False,False,False,True,False,False,False
7C30020052272,False,False,False,False,True,False,False,False,False,False
7C30020052275,False,False,True,False,False,False,False,False,False,False
7C30020052281,True,False,False,False,False,False,False,False,False,False
7C30020052285,False,False,False,False,False,False,True,False,False,False
7C30020052286,False,True,False,False,False,False,False,False,False,False
7C30020052287,True,False,False,False,False,False,False,False,False,False
7C30020052290,False,False,True,True,False,False,False,False,False,False
7C30020052296,False,False,False,False,False,False,True,False,False,False
7C30020052304,False,False,False,False,False,True,False,False,False,False
7C30020052306,False,False,False,True,False,False,False,False,False,False
7C30020052309,False,False,False,True,False,False,False,False,False,False
7C30020052318,False,False,False,True,False,False,False,False,False,False
7C30020052322,False,True,False,True,False,False,False,False,False,False
7C30020052324,False,False,True,False,False,False,False,False,False,False
7C30020052328,False,False,True,False,False,False,False,False,False,False
7C30020052329,False,False,True,False,False,False,False,False,False,False
7C30020052331,False,False,True,False,False,False,False,False,False,False
7C30020052341,False,False,False,False,False,False,True,False,False,False
7C30020052360,False,False,False,False,False,False,False,True,False,False
7C30020052364,False,False,False,False,False,False,True,False,False,False
7C30020052378,False,False,False,True,False,False,False,False,False,False
7C30020052382,False,False,False,True,False,False,False,False,False,False
7C30020052384,False,False,False,False,False,False,False,False,True,False
7C30020052386,True,False,False,False,False,False,True,False,False,False
7C30020052388,False,False,False,True,False,False,False,False,False,False
7C30020052390,False,False,True,False,False,False,False,False,False,False
7C30020052391,False,False,False,False,False,False,True,False,False,False
7C30020052400,True,False,False,False,False,False,False,False,False,False
7C30020052404,False,True,False,False,False,False,False,False,False,False
7C30020052405,False,True,False,False,False,False,False,False,False,False
7C30020052414,False,False,False,False,False,True,False,False,False,False
7C30020052415,False,False,False,True,False,False,False,False,False,False
7C30020052422,False,False,False,False,True,True,False,False,False,False
7C30020052434,False,False,False,True,False,False,False,False,False,False
7C30020052435,False,False,False,True,False,False,False,False,False,False
7C30020052436,False,False,False,True,False,True,False,False,False,False
7C30020052442,True,False,False,True,False,False,False,False,False,False
7C30020052447,False,False,False,True,False,False,False,False,False,False
7C30020052451,False,False,False,True,False,False,False,False,False,False
7C30020052452,False,True,True,False,False,False,False,False,False,False
7C30020052457,False,False,False,True,False,False,False,False,False,False
7C30020052461,False,False,False,True,False,False,False,False,False,False
7C30020052466,False,False,False,False,False,True,False,False,False,False
7C30020052468,False,True,False,False,False,False,False,False,False,False
7C30020052469,False,True,False,False,False,False,False,False,False,False
7C30020052470,False,False,False,False,False,True,True,False,False,False
7C30020052474,False,False,False,False,False,False,True,False,False,False
7C30020052478,False,False,False,True,False,False,False,False,False,False
7C30020052485,False,False,False,False,False,False,True,False,False,False
7C30020052486,False,False,False,False,False,True,False,False,False,False
7C30020052488,False,False,False,False,False,False,False,False,True,False
7C30020052490,True,False,False,False,False,False,False,False,False,False
7C30020052491,False,False,False,False,False,True,True,False,False,False
7C30020052497,False,False,False,False,False,False,True,False,False,False
7C30020052500,True,False,False,False,False,False,False,False,False,False
7C30020052501,False,False,False,False,False,False,True,False,False,False
7C30020052503,False,False,False,False,False,False,True,False,False,False
7C30020052505,False,False,False,True,False,False,False,False,False,False
7C30020052506,False,False,False,False,True,False,False,False,False,False
7C30020052518,False,False,False,False,False,False,True,False,False,False
7C30020052519,False,False,False,False,False,True,False,False,False,False
7C30020052520,False,False,False,True,False,False,False,False,False,False
7C30020052521,False,False,False,False,False,False,True,False,False,False
7C30020052522,False,False,False,False,False,False,True,False,False,False
7C30020052524,False,False,False,True,False,False,False,False,False,False
7C30020052529,True,False,False,False,False,False,False,False,False,False
7C30020052546,False,False,False,True,False,False,False,False,False,False
7C30020052554,False,False,False,False,False,False,True,False,False,False
7C30020052556,False,False,False,False,False,False,True,False,False,False
7C30020052557,False,False,False,True,False,False,False,False,False,False
7C30020052568,False,False,False,True,False,False,False,False,False,False
7C30020052573,False,False,True,False,False,False,False,False,False,False
7C30020052577,False,False,False,True,False,False,False,False,False,False
7C30020052583,False,False,False,False,False,False,True,False,False,False
7C30020052587,False,False,False,True,False,False,False,False,False,False
7C30020052589,True,False,False,False,False,False,False,False,False,False
7C30020052592,False,False,True,False,False,False,False,False,False,False
7C30020052594,False,False,False,True,False,False,False,False,False,False
7C30020052600,False,False,False,False,True,False,False,False,False,False
7C30020052603,False,False,False,False,False,False,True,False,False,False
7C30020052615,False,False,True,False,False,False,False,False,False,False
7C30020052620,True,False,False,False,False,False,False,False,False,False
7C30020052628,False,False,False,True,False,False,True,False,False,False
7C30020052629,False,False,False,True,False,False,False,False,False,False
7C30020052642,False,False,False,True,False,False,False,False,False,False
7C30020052643,False,False,False,True,False,False,False,False,False,False
7C30020052650,True,False,False,False,False,False,False,False,False,False
7C30020052651,False,False,False,False,False,False,True,False,False,False
7C30020052654,False,False,False,True,False,False,True,False,False,False
7C30020052657,False,False,False,False,True,False,False,False,False,False
7C30020052665,True,False,False,False,False,True,False,False,False,False
7C30020052666,False,False,False,True,False,False,False,False,False,False
7C30020052669,False,False,False,True,True,False,False,False,False,False
7C30020052673,False,True,False,False,False,False,False,False,False,False
7C30020052681,False,True,False,False,False,False,False,False,False,False
7C30020052682,False,True,False,False,False,False,False,False,False,False
7C30020052687,False,True,False,False,False,False,False,False,False,False
7C30020052691,False,False,False,False,False,True,False,False,False,False
7C30020052698,False,False,False,True,False,False,False,False,False,False
7C30020052708,False,False,False,True,False,True,False,False,False,False
7C30020052718,False,False,False,False,False,False,True,False,False,False
7C30020052726,False,False,False,True,False,False,False,False,False,False
7C30020052727,False,False,False,True,False,False,False,False,False,False
7C30020052731,False,False,False,True,False,False,False,False,False,False
7C30020052735,False,False,False,False,False,False,True,False,False,False
7C30020052736,False,False,False,False,False,False,True,False,False,False
7C30020052741,False,False,False,False,True,False,False,False,False,False
7C30020052743,False,False,False,False,True,False,False,False,False,False
7C30020052744,False,False,False,False,False,False,True,False,False,False
7C30020052745,False,False,True,False,False,False,False,False,False,False
7C30020052746,True,False,False,False,False,False,False,False,False,False
7C30020052749,False,True,True,False,True,False,False,False,False,False
7C30020052753,False,True,False,False,True,False,False,False,False,False
7C30020052754,False,True,False,True,False,False,False,False,False,False
7C30020052756,False,False,False,False,False,False,True,False,False,False
7C30020052762,False,False,False,False,False,False,True,False,False,False
7C30020052767,False,False,False,False,False,False,True,False,False,False
7C30020052769,False,False,False,False,False,True,True,False,False,False
7C30020052770,False,False,False,False,False,True,False,False,False,False
7C30020052773,False,False,False,False,False,False,True,False,True,True
7C30020052774,False,False,False,True,False,False,False,False,False,False
7C30020052775,False,False,False,False,False,True,False,False,False,False
7C30020052776,False,False,False,False,False,False,True,False,False,False
7C30020052777,False,False,False,False,False,True,True,False,False,False
7C30020052778,False,False,False,False,False,False,True,False,False,False
7C30020052785,False,False,False,False,False,True,False,False,False,False
7C30020052786,False,False,False,True,False,False,False,False,False,False
7C30020052787,False,False,False,True,False,False,False,False,False,False
7C30020052788,False,False,False,False,False,False,True,False,False,False
7C30020052790,False,False,False,False,False,False,True,False,False,False
7C30020052792,True,False,False,False,False,False,False,False,False,False
7C30020052793,False,False,False,False,False,True,False,False,False,False
7C30020052794,False,False,False,False,False,False,True,False,False,False
7C30020052796,False,False,False,False,False,False,True,False,False,False
7C30020052805,False,False,False,False,False,False,True,False,False,False
7C30020052808,False,False,False,True,True,False,False,False,False,False
7C30020052809,False,False,False,True,False,False,False,False,False,False
7C40020036049,False,False,False,False,False,False,False,True,False,False
7C40020036054,False,False,False,False,False,False,True,False,False,True
7C40020036055,False,False,False,False,False,False,True,False,False,False
7C40020036059,False,True,False,False,False,False,False,False,False,False
7C40020036065,False,False,False,True,False,False,False,False,False,False
7C40020036066,False,False,False,False,False,False,False,False,False,True
7C40020036068,False,False,False,False,False,False,True,False,False,False
7C40020036071,False,False,False,False,False,False,False,True,False,False
7C40020036073,False,False,False,False,False,False,False,True,False,False
7C40020036076,False,False,False,False,False,False,False,True,False,False
7C40020036080,True,False,False,False,False,False,False,False,False,False
7C40020036082,True,False,False,False,False,False,False,False,False,False
7C40020036083,False,False,False,False,False,False,False,False,False,True
7C40020036086,False,False,False,False,False,False,False,True,False,False
7C40020036087,False,False,False,False,False,False,False,True,False,False
7C40020036092,False,False,False,False,False,False,False,True,True,False
7C40020036097,False,False,False,False,False,False,False,True,False,False
7C40020036099,False,False,False,False,False,False,False,False,False,True
7C40020036100,False,False,False,False,False,False,False,True,False,False
7C40020036103,False,True,False,False,False,False,True,False,False,False
7C40020036104,False,False,False,False,False,False,False,False,False,True
7C40020036105,False,True,False,False,False,False,False,False,False,False
7C40020036106,False,False,False,False,False,False,True,False,False,False
7C40020036114,False,False,False,False,False,False,False,False,True,False
7C40020036116,False,False,False,False,False,False,False,True,False,False
7C40020036128,False,False,False,False,False,False,False,True,False,False
7C40020036130,True,False,False,False,False,False,True,False,False,False
7C40020036131,False,False,False,False,False,False,False,True,True,False
7C40020036142,False,False,False,False,False,False,False,False,True,False
7C40020036148,False,False,False,False,False,False,False,False,True,False
7C40020036150,False,False,False,False,False,False,False,False,False,True
7C40020036163,False,False,False,False,False,False,False,False,True,False
7C40020036165,False,False,False,False,False,False,False,False,False,True
7C40020036166,False,False,False,False,False,False,False,True,True,False
7C40020036178,False,False,False,False,False,False,True,True,False,True
7C40020036179,False,False,False,False,False,False,False,True,True,False
7C40020036180,False,False,False,False,False,True,True,False,False,False
7C40020036185,False,False,False,False,False,False,False,True,False,False
7C40020036195,False,False,False,False,False,False,False,False,True,False
7C40020036196,False,False,False,False,False,False,False,True,False,False
7C40020036198,False,False,False,True,False,False,False,False,False,False
7C40020036199,False,False,False,True,False,False,False,False,False,True
7C40020036206,False,False,False,False,False,False,False,False,False,True
7C40020036216,False,False,False,False,False,False,False,False,False,True
7C40020036218,False,False,False,False,False,False,False,False,False,True
7C40020036219,False,False,False,False,False,False,True,False,False,True
7C40020036227,False,False,False,False,False,False,False,True,False,False
7C40020036234,False,False,False,False,False,False,False,False,False,True
7C40020036242,False,False,False,False,False,False,False,False,True,False
7C40020036245,False,False,False,False,False,False,True,False,False,False
7C40020036252,False,False,False,False,False,False,False,True,True,False
7C40020036255,False,False,False,False,False,False,False,False,True,False
7C40020036256,False,False,False,False,False,False,False,False,True,False
7C40020036258,False,False,True,False,False,False,False,False,False,False
7C40020036259,True,False,False,False,False,True,True,False,False,False
7C40020036261,False,False,False,False,False,False,True,False,False,False
7C40020036264,False,False,False,False,True,False,False,False,False,False
7C40020036265,False,False,False,False,True,False,False,False,False,False
7C40020036269,False,False,False,False,False,False,True,False,False,False
7C40020036275,False,False,False,False,False,False,False,True,False,False
7C40020036277,False,False,False,False,False,False,True,False,False,False
7C40020036278,False,False,False,False,False,False,True,False,False,False
7C40020036279,False,False,False,False,False,False,True,False,False,False
7C40020036283,False,False,False,False,False,True,True,False,False,False
7C40020036285,False,False,False,False,False,False,False,False,True,False
7C40020036289,False,False,False,False,False,False,False,False,True,False
7C40020036290,False,False,False,False,False,False,False,False,False,True
7C40020036294,False,False,False,False,False,False,False,False,True,False
7C40020036296,False,False,False,False,False,False,False,True,False,False
7C40020036300,False,False,False,False,False,False,False,False,False,True
7C40020036303,False,False,False,False,False,False,True,False,False,False
7C40020036305,False,False,False,False,False,False,False,True,False,False
7C40020036307,False,False,False,False,False,False,False,True,False,False
7C40020036309,False,False,False,False,False,False,False,True,False,False
7C40020036310,False,False,False,False,False,False,False,False,False,True
7C40020036311,False,False,False,False,False,False,False,False,False,True
7C40020036323,True,False,False,False,False,False,False,True,False,False
7C40020036325,False,False,False,False,False,False,False,True,False,True
7C40020036334,False,False,False,False,False,False,False,True,False,False
7C40020036337,False,False,False,False,False,False,False,True,False,False
7C40020036350,False,False,False,False,True,False,False,False,False,False
7C40020036351,False,False,False,False,False,False,False,False,False,True
7C40020036352,False,False,False,False,False,False,False,True,False,False
7C40020036354,False,False,False,False,False,False,False,True,False,False
7C40020036357,False,False,False,False,False,False,True,False,False,False
7C40020036358,True,False,False,False,False,False,False,False,False,False
7C40020036359,False,False,False,False,False,False,True,False,False,False
7C40020036361,False,False,False,False,False,False,False,False,False,True
7C40020036365,False,False,False,False,False,False,True,False,False,False
7C40020036372,True,False,False,False,False,False,False,False,False,False
7C40020036375,False,False,False,False,False,False,True,True,False,False
7C40020036384,False,False,False,False,False,False,True,False,False,False
7C40020036392,False,False,False,False,False,False,False,False,False,True
7C40020036402,False,False,False,False,False,False,False,False,True,False
7C40020036404,True,False,False,False,False,False,False,False,False,False
7C40020036406,False,False,False,False,False,False,False,True,False,False
7C40020036422,False,False,True,False,False,False,False,False,False,False
7C40020036428,False,False,False,True,False,False,False,False,False,False
7C40020036430,False,False,False,False,False,False,False,True,False,False
7C40020036436,False,False,False,False,False,False,False,True,False,False
7C40020036439,False,False,False,False,False,False,False,True,False,False
7C40020036441,False,False,False,False,False,False,True,False,False,False
7C40020036448,False,False,False,False,False,False,False,False,True,False
7C40020036454,False,False,False,False,False,False,False,True,False,False
7C40020036458,False,False,False,False,False,False,False,False,False,True
7C40020036459,False,False,False,False,False,False,False,False,True,False
7C40020036460,False,False,False,False,False,False,False,False,True,False
7C40020036463,False,False,False,False,False,False,False,False,False,True
7C40020036464,False,False,False,False,False,False,False,False,True,False
7C40020036465,False,False,False,False,False,False,False,False,False,True
7C40020036469,False,False,False,False,False,False,False,False,True,False
7C40020036470,False,False,False,False,False,False,False,False,False,True
7C40020036471,False,False,False,False,False,False,False,True,False,False
7C40020036472,False,False,False,False,False,False,False,False,True,False
7C40020036474,False,False,False,False,False,False,False,False,True,False
7C40020036483,False,False,False,True,False,False,False,False,False,False
7C40020036484,False,False,False,False,False,False,False,False,True,False
7C40020036485,False,False,False,False,False,False,False,False,True,False
7C40020036486,False,False,False,False,False,False,False,False,True,False
7C40020036488,False,False,False,False,True,False,False,False,False,False
7C40020036489,False,False,True,False,False,False,False,False,False,False
7C40020036490,False,False,False,False,False,True,True,False,False,False
7C40020036491,False,False,False,False,False,False,True,False,False,False
7C40020036492,False,False,False,False,False,True,False,False,False,False
7C40020036493,False,False,False,True,False,False,True,False,False,False
7C40020036494,False,False,False,False,False,True,True,False,False,False
7C40020036495,False,False,False,False,False,False,False,False,True,False
7C40020036496,False,False,False,False,False,True,False,False,False,False
7C40020036497,False,False,False,False,False,False,False,False,True,False
7C40020036501,False,False,False,False,False,False,True,False,False,False
7C40020036502,False,False,False,False,False,False,False,False,True,False
7C40020036503,False,False,False,False,True,True,True,False,False,False
7C40020036504,False,False,False,False,False,False,True,False,True,False
7C40020036505,False,False,False,False,False,False,False,False,True,False
7C40020036506,False,False,False,False,False,False,False,False,True,False
7C40020036513,False,False,False,False,False,False,True,False,False,False
7C40020036518,False,False,False,False,False,False,False,False,True,False
7C40020036521,False,False,False,False,False,False,True,False,False,False
7C40020036522,False,False,False,False,False,False,True,False,False,False
7C40020036523,False,False,False,False,False,False,True,False,False,False
7C40020036526,False,False,False,False,False,False,False,False,False,True
7C40020036532,False,True,False,False,False,False,True,False,False,False
7C40020036539,False,False,False,True,False,False,False,False,False,False
7C40020036548,False,False,False,False,False,False,False,False,False,True
7C40020036549,False,False,False,False,False,False,False,True,False,False
7C40020036555,False,False,False,False,False,False,False,False,False,True
7C40020036556,False,False,False,False,False,False,False,False,True,False
7C40020036557,False,False,False,False,False,False,False,False,True,False
7C40020036560,False,False,False,False,False,False,False,True,False,False
7C40020036562,False,False,False,False,False,False,False,False,False,True
7C40020036565,False,False,False,False,False,True,True,True,False,False
7C40020036571,False,False,False,False,False,False,False,False,True,False
7C40020036574,False,False,False,False,False,False,False,False,False,True
7C40020036577,False,False,False,False,False,False,False,False,False,True
7C40020036579,False,False,False,False,False,False,False,False,False,True
7C40020036580,False,False,False,False,False,False,False,False,False,True
7C40020036581,False,False,False,False,False,False,False,True,False,False
7C40020036583,False,False,False,False,False,False,False,False,False,True
7C40020036586,False,False,False,False,False,False,False,True,False,False
7C40020036587,False,False,False,False,False,False,False,False,True,False
7C40020036593,False,False,False,False,False,False,False,False,True,False
7C40020036595,False,False,True,False,False,False,False,False,False,False
7C40020036601,False,False,False,False,False,False,False,False,True,False
7C40020036602,False,False,False,False,False,False,False,True,False,False
7C40020036603,False,False,False,False,False,False,False,False,True,False
7C40020036606,False,False,False,False,False,False,False,False,True,False
7C40020036617,False,False,False,False,False,False,True,False,False,False
7C40020036618,False,False,False,False,False,False,True,False,False,False
7C40020036622,False,False,False,False,False,False,False,False,False,True
7C40020036626,False,False,False,False,False,False,False,True,False,False
7C40020036628,False,False,False,False,False,False,False,False,True,False
7C40020036631,False,False,False,False,False,False,False,True,True,False
7C40020036636,False,False,False,False,False,False,False,True,True,True
7C40020036637,False,False,False,False,False,False,False,True,False,False
7C40020036640,False,False,False,False,False,False,False,False,True,False
7C40020036647,False,False,False,False,False,False,False,False,False,True
7C40020036649,False,False,False,False,False,False,False,False,False,True
7C40020036652,False,False,False,False,False,False,False,False,False,True
7C40020036653,False,False,False,False,False,False,False,False,False,True
7C40020036660,False,False,True,False,False,False,False,False,False,True
7C40020036670,False,False,False,True,True,False,True,False,False,False
7C40020036676,False,False,False,False,False,True,False,False,False,False
7C40020036677,False,False,False,False,False,False,False,False,True,False
7C40020036678,False,False,False,False,False,False,False,False,True,False
7C40020036679,False,False,False,False,False,False,False,False,True,False
7C40020036680,False,False,False,False,False,False,False,False,True,False
7C40020036682,False,False,False,False,False,False,False,False,True,False
7C40020036689,False,False,False,False,False,False,False,False,True,False
7C40020036690,False,False,False,False,False,False,False,False,True,False
7C40020036691,False,False,False,False,False,False,True,False,False,False
7C40020036695,False,False,False,False,False,False,False,False,True,False
7C40020036697,False,False,False,False,False,False,False,False,True,False
7C40020036698,False,False,False,False,False,False,False,False,True,False
7C40020036707,False,False,False,False,False,False,True,False,False,False
7C40020036709,False,False,False,False,False,False,True,False,False,False
7C40020036710,False,False,False,False,True,False,False,False,False,False
7C40020036712,False,False,False,False,False,False,False,True,False,False
7C40020036715,False,False,False,False,False,False,False,False,True,False
7C40020036716,False,False,False,False,False,True,False,False,False,False
7C40020036721,False,False,False,False,False,True,False,False,False,False
7C40020036723,False,False,False,False,False,False,True,False,False,False
7C40020036726,False,False,False,False,True,False,False,False,False,False
7C40020036734,False,False,False,False,False,True,True,False,False,False
7C40020036739,False,False,False,False,False,False,False,False,True,False
7C40020036740,False,False,False,False,False,False,True,False,False,False
7C40020036741,False,False,False,False,False,True,False,False,True,False
7C40020036742,False,False,False,False,False,False,False,True,False,False
7C40020036745,False,False,False,False,False,False,True,False,False,False
7C40020036746,False,False,False,False,False,False,True,False,False,False
7C40020036747,False,True,False,True,True,False,False,False,False,False
7C40020036748,False,False,False,False,True,False,False,False,False,False
7C40020036749,False,False,False,True,False,False,False,False,False,False
7C40020036751,False,False,False,False,False,True,False,False,False,False
7C40020036756,False,False,False,False,False,False,False,True,False,True
7C40020036757,False,False,False,False,False,True,False,False,False,False
7C40020036761,False,False,False,False,False,False,False,False,False,True
7C40020036762,False,False,False,False,False,False,False,False,False,True
7C40020036767,False,True,False,False,False,False,False,False,False,False
7C40020036768,False,True,False,False,False,False,False,False,False,False
7C40020036771,False,False,False,False,False,False,False,False,False,True
7C40020036782,True,False,False,False,False,False,False,True,False,False
7C40020036795,False,False,False,False,False,False,False,False,True,False
7C40020036797,False,False,False,True,False,False,False,False,False,False
7C40020036798,False,False,False,False,False,False,False,False,True,False
7C40020036800,False,False,False,False,False,False,False,False,False,True
7C40020036801,False,False,False,False,False,False,False,False,False,True
7C40020036803,False,False,False,True,False,False,False,True,False,False
7C40020036804,False,False,False,True,False,False,True,True,False,False
7C40020036805,False,False,False,True,False,False,False,False,False,False
7C40020036806,False,False,False,False,False,False,False,True,False,False
7C40020036810,False,False,False,False,False,False,True,False,True,False
7C40020036812,False,False,False,False,False,False,False,True,True,False
7C40020036815,False,False,False,False,False,False,False,True,False,False
7C40020036818,False,False,False,False,True,False,False,False,True,False
7C40020036820,False,False,False,False,False,False,True,False,False,False
7C40020036826,False,False,False,False,False,False,False,False,False,True
7C40020036832,False,False,False,False,False,False,True,False,False,False
7C40020036835,False,False,False,False,False,False,False,True,False,False
7C40020036841,False,False,False,False,False,False,True,False,False,False
7C40020036842,False,False,False,False,False,False,False,False,False,True
7C40020036844,False,False,False,False,False,False,False,False,True,False
7C40020036853,False,False,True,True,False,False,False,False,False,True
7C40020036854,False,False,False,False,False,False,False,False,True,False
7C40020036857,False,False,False,True,True,False,True,False,False,False
7C40020036858,False,False,False,False,False,False,False,False,False,True
7C40020036863,False,False,False,False,False,False,False,False,False,True
7C40020036867,False,False,False,False,False,False,False,True,False,False
7C40020036870,False,False,False,True,False,False,False,False,False,False
7C40020036874,False,False,False,False,False,False,False,False,False,True
7C40020036878,False,False,False,False,False,False,False,False,True,False
7C40020036881,False,False,False,False,False,False,False,False,False,True
7C40020036883,False,False,False,False,False,False,False,False,False,True
7C40020036901,False,False,False,False,False,False,False,False,False,True
7C40020036909,False,False,False,False,False,False,False,False,False,True
7C40020036911,False,False,False,False,False,False,False,False,False,True
7C40020036914,False,False,False,False,False,False,False,False,True,False
7C40020036916,False,False,False,False,False,False,False,False,False,True
7C40020036917,False,False,False,False,False,False,False,False,True,False
7C40020036918,False,False,False,False,False,False,False,False,True,False
7C40020036920,False,False,False,False,False,False,False,False,False,True
7C40020036921,False,True,False,False,False,False,False,False,True,False
7C40020036922,False,False,False,False,False,False,True,False,True,False
7C40020036926,False,False,False,False,False,False,True,False,False,False
7C40020036927,False,False,False,False,False,False,True,False,False,False
7C40020036928,False,False,False,False,False,False,True,False,False,False
7C40020036930,False,False,False,False,True,True,False,False,False,False
7C40020036931,False,False,False,True,False,False,False,False,False,False
7C40020036932,False,False,False,False,False,True,False,False,False,False
7C40020036934,False,False,False,False,False,False,False,False,False,True
7C40020036936,False,False,False,False,False,False,False,False,True,False
7C40020036938,False,False,False,False,False,False,False,False,True,False
7C40020036939,False,False,False,False,False,False,True,False,False,False
7C40020036944,False,False,False,False,False,False,False,False,True,False
7C40020036952,False,False,False,False,False,False,True,False,False,False
7C40020036953,False,False,False,False,False,False,True,False,False,False
7C40020036954,False,False,False,False,False,False,True,False,False,False
7C40020036955,False,False,False,False,False,False,True,False,False,False
7C40020036957,False,False,False,False,True,False,True,False,False,False
7C40020036966,False,False,False,False,False,False,False,False,False,True
7C40020036968,False,False,False,False,False,False,False,True,True,True
7C40020036974,False,False,False,False,False,False,False,True,False,False
7C40020036976,False,False,False,False,False,False,False,False,True,False
7C40020036980,False,False,False,False,False,False,False,False,True,False
7C40020036984,False,False,False,False,False,False,False,True,True,False
7C40020036988,False,False,False,False,False,False,False,True,False,False
7C40020036998,False,False,False,False,False,False,False,True,False,False
7C40020037000,False,False,False,False,False,False,False,True,False,False
7C40020037011,False,False,False,False,False,False,False,False,True,False
7C40020037014,False,False,False,False,False,False,False,True,False,False
7C40020037016,False,False,False,False,False,False,False,True,False,False
7C40020037020,False,False,False,False,False,False,False,True,False,False
7C40020037021,False,False,False,False,False,False,False,False,False,True
7C40020037022,False,False,False,False,False,False,False,False,False,True
7C40020037027,False,False,False,False,False,False,False,False,False,True
7C40020037029,False,False,False,False,False,False,False,True,False,False
7C40020037032,False,False,False,False,False,False,True,False,False,False
7C40020037035,False,False,False,False,False,False,False,True,False,False
7C40020037039,False,False,False,False,False,False,False,False,False,True
7C40020037040,False,False,False,False,False,False,False,True,True,False
7C40020037043,False,False,False,True,False,False,False,False,False,False
7C40020037044,False,False,False,False,False,False,False,False,True,False
7C40020037048,False,False,False,False,False,False,False,False,True,False
7C40020037056,False,False,False,False,False,False,False,True,False,True
7C40020037058,False,False,False,False,False,False,False,True,False,False
7C40020037065,False,False,False,False,False,False,True,False,False,False
7C40020037066,False,False,False,False,False,True,False,True,False,False
7C40020037070,False,False,False,False,False,False,False,True,False,True
7C40020037072,False,False,False,False,False,False,False,True,False,False
7C40020037094,False,False,False,False,False,False,False,False,False,True
7C40020037103,False,False,False,False,False,False,False,False,True,False
7C40020037106,False,False,False,False,False,False,False,False,True,False
7C40020037116,False,False,False,False,False,False,False,False,False,True
7C40020037118,False,False,False,False,False,False,False,False,True,False
7C40020037119,False,False,False,False,False,False,False,False,True,True
7C40020037121,False,False,False,False,False,False,False,False,True,False
7C40020037124,False,False,False,False,False,False,False,True,False,False
7C40020037125,False,False,False,False,True,False,False,False,False,False
7C40020037133,False,False,False,False,False,False,False,False,False,True
7C40020037137,False,False,False,False,False,False,False,False,False,True
7C40020037139,False,False,False,True,False,False,False,False,False,False
7C40020037141,False,False,False,False,False,False,True,False,False,False
7C40020037142,False,False,False,False,False,True,True,False,False,False
7C40020037143,False,False,False,False,False,False,False,False,True,False
7C40020037144,False,False,False,False,False,False,True,False,False,False
7C40020037145,False,False,False,False,False,False,True,False,False,False
7C40020037147,False,False,False,False,True,False,True,False,False,False
7C40020037149,False,False,False,False,False,False,True,False,False,False
7C40020037150,True,False,False,False,False,False,True,False,False,False
7C40020037151,False,False,False,False,False,False,False,False,False,True
7C40020037152,False,False,False,False,False,False,True,False,False,True
7C40020037153,False,False,False,False,False,False,True,False,False,False
7C40020037154,False,False,False,False,False,False,True,False,True,False
7C40020037155,False,False,False,False,False,False,False,False,False,True
7C40020037156,False,False,False,False,False,False,False,False,False,True
7C40020037157,False,False,False,False,False,False,True,False,False,False
7C40020037164,False,False,False,False,False,True,False,False,False,False
7C40020037165,False,False,False,False,False,False,False,False,False,True
7C40020037168,False,False,False,False,False,False,False,False,True,False
7C40020037169,False,False,False,False,False,False,False,False,True,False
7C40020037174,False,False,False,False,False,True,False,False,False,False
7C40020037178,False,False,False,False,False,False,False,False,True,False
7C40020037179,False,False,False,False,False,False,False,False,False,True
7C40020037189,False,False,True,False,False,False,False,False,False,False
7C40020037199,False,False,False,False,False,False,True,False,False,False
7C40020037202,False,False,False,False,False,False,False,True,False,False
7C40020037203,False,False,False,False,False,False,False,True,False,False
7C40020037208,False,False,False,False,False,False,False,False,True,False
7C40020037210,False,False,False,False,False,False,False,True,False,False
7C40020037213,False,False,False,False,False,False,True,False,False,False
7C40020037217,False,False,False,False,False,False,False,True,True,False
7C40020037221,False,False,False,False,False,False,False,False,False,True
7C40020037225,False,False,True,False,False,False,False,False,False,False
7C40020037227,False,False,False,False,False,False,False,True,False,False
7C40020037230,False,False,False,False,False,False,False,False,False,True
7C40020037234,False,False,False,False,False,False,False,True,False,False
7C40020037244,False,False,False,True,False,False,False,False,False,False
7C40020037245,False,False,False,False,False,False,False,True,False,False
7C40020037250,False,False,False,False,False,False,False,True,False,False
7C40020037252,False,False,False,False,False,False,False,False,False,True
7C40020037260,False,False,False,True,False,False,True,False,False,False
7C40020037264,False,False,False,False,False,False,False,True,False,False
7C40020037267,False,False,False,True,False,False,False,False,False,False
7C40020037268,False,False,False,False,False,False,False,True,False,False
7C40020037271,False,False,False,False,False,False,False,False,False,True
7C40020037272,False,False,False,False,False,False,False,True,False,False
7C40020037275,False,False,False,True,False,False,False,False,False,False
7C40020037278,False,False,False,False,False,False,False,False,False,True
7C40020037284,False,False,False,False,False,False,True,False,False,False
7C40020037285,False,False,False,False,False,False,False,True,False,False
7C40020037287,False,False,False,False,True,True,True,False,False,False
7C40020037294,False,False,False,False,False,False,False,True,False,False
7C40020037295,False,False,False,False,True,False,False,False,False,False
7C40020037296,False,False,False,False,False,False,False,False,True,True
7C40020037297,False,False,False,False,False,False,True,False,False,False
7C40020037299,False,False,False,False,False,False,False,True,False,False
7C40020037305,False,False,False,False,False,False,False,False,False,True
7C40020037308,False,False,False,False,False,True,True,False,False,False
7C40020037317,False,False,False,False,False,False,False,False,False,True
7C40020037319,False,False,False,False,False,False,False,False,False,True
7C40020037321,False,False,False,False,False,False,True,False,False,False
7C40020037323,False,False,False,False,False,False,False,False,False,True
7C40020037324,False,False,False,False,False,False,False,False,False,True
7C40020037326,False,False,False,False,False,False,True,False,False,False
7C40020037328,False,False,False,False,False,True,True,False,False,False
7C40020037332,False,False,False,False,False,False,False,False,True,False
7C40020037337,False,False,False,False,False,False,False,False,False,True
7C40020037338,False,False,False,False,False,False,False,False,False,True
7C40020037340,False,False,False,False,False,False,False,True,False,False
7C40020037346,False,False,False,False,False,False,False,True,False,False
7C40020037348,False,False,False,False,False,False,False,False,True,False
7C40020037350,False,False,False,False,False,False,True,False,True,False
7C40020037351,True,False,False,False,False,False,False,False,False,False
7C40020037354,False,False,False,False,False,False,True,True,False,False
7C40020037355,False,False,False,False,False,False,False,False,True,False
7C40020037358,False,False,False,False,False,False,True,False,False,False
7C40020037360,False,False,False,False,False,False,False,False,True,False
7C40020037363,False,False,False,False,False,False,False,True,False,False
7C40020037364,False,False,False,True,False,False,False,True,False,False
7C40020037365,False,False,False,False,False,False,False,True,False,False
7C40020037369,False,False,False,False,False,False,False,True,False,False
7C40020037370,False,False,False,False,False,False,False,True,False,False
7C40020037382,False,False,False,False,False,False,False,True,True,False
7C40020037384,False,False,False,False,False,False,False,True,False,False
7C40020037389,False,False,False,False,False,False,False,True,False,False
7C40020037405,False,False,False,False,False,False,False,False,False,True
7C40020037408,False,False,False,False,False,False,False,True,False,False
7C40020037416,False,False,False,False,False,False,False,True,False,False
7C40020037430,False,False,False,False,False,False,False,False,False,True
7C40020037437,False,False,False,False,False,False,False,True,False,False
7C40020037438,False,False,False,False,False,False,False,False,False,True
7C40020037440,False,False,False,False,False,False,False,True,False,False
7C40020037441,False,False,False,False,False,False,False,True,False,False
7C40020037444,False,False,False,False,False,False,True,False,False,False
7C40020037448,False,False,False,False,False,False,False,False,True,False
7C40020037457,False,False,False,False,False,False,False,True,False,False
7C40020037462,False,False,False,False,False,False,False,False,True,False
7C40020037465,False,False,False,False,False,False,False,False,False,True
7C40020037476,True,False,False,False,False,False,False,False,False,False
7C40020037478,False,False,False,False,False,False,False,False,True,False
7C40020037479,False,False,False,False,False,False,False,False,False,True
7C40020037482,False,False,False,True,False,False,False,False,False,False
7C40020037484,False,False,False,False,False,False,False,False,False,True
7C40020037492,False,False,False,True,False,False,False,False,False,False
7C40020037495,False,False,False,False,False,False,True,False,False,False
7C40020037498,False,False,False,False,False,False,False,False,False,True
7C40020037499,False,False,False,False,True,False,False,False,False,False
7C40020037502,False,False,False,False,False,True,True,False,False,False
7C40020037503,False,False,False,False,False,False,False,True,False,False
7C40020037504,True,False,False,False,False,True,False,False,False,False
7C40020037505,False,False,False,False,False,False,False,False,True,False
7C40020037506,False,False,False,True,False,False,True,False,False,False
7C40020037509,False,False,False,False,False,True,False,False,False,True
7C40020037510,False,False,False,False,False,False,False,False,False,True
7C40020037511,False,False,False,False,True,False,False,False,False,True
7C40020037513,False,False,False,False,False,False,False,False,True,False
7C40020037514,False,False,False,False,False,False,False,False,False,True
7C40020037519,False,False,False,False,False,False,False,False,False,True
7C40020037520,False,False,False,False,False,False,True,False,False,False
7C40020037521,False,False,False,False,False,False,False,False,False,True
7C40020037526,False,False,False,False,False,False,False,False,True,False
7C40020037530,False,False,False,False,False,False,False,True,False,False
7C40020037531,True,False,False,False,False,False,False,False,False,False
7C40020037536,False,False,False,False,False,False,False,True,False,False
7C40020037538,True,False,False,False,False,False,False,False,False,False
7C40020037539,False,False,False,False,False,False,False,False,True,False
7C40020037544,False,False,False,False,False,False,False,True,False,False
7C40020037546,False,False,False,False,False,False,False,False,True,False
7C40020037547,False,False,False,False,False,False,False,True,False,False
7C40020037550,False,False,False,False,False,False,False,True,False,False
7C40020037552,False,False,False,False,False,False,False,True,True,False
7C40020037553,False,False,False,False,False,False,False,True,False,False
7C40020037554,False,False,False,False,False,False,False,True,False,False
7C40020037560,False,False,False,False,False,False,False,True,False,False
7C40020037561,False,False,False,False,False,False,False,True,False,False
7C40020037564,False,False,False,False,False,False,False,False,True,False
7C40020037571,False,False,False,False,False,False,False,False,False,True
7C40020037572,False,False,False,False,False,True,True,True,False,False
7C40020037575,False,False,False,False,False,False,False,True,False,False
7C40020037576,False,False,False,False,False,False,False,True,False,False
7C40020037584,False,False,False,False,False,False,False,False,True,False
7C40020037585,False,False,False,False,False,False,False,False,True,False
7C40020037595,False,False,False,False,False,False,False,False,True,False
7C40020037600,False,False,False,False,False,False,False,False,False,True
7C40020037604,False,False,False,False,False,False,True,False,False,False
7C40020037606,False,False,False,False,False,False,False,True,False,False
7C40020037607,False,False,False,False,False,False,False,True,False,False
7C40020037609,True,False,False,False,False,False,False,False,False,False
7C40020037617,False,False,False,False,False,False,False,True,False,False
7C40020037622,False,False,False,False,False,False,False,False,True,False
7C40020037624,False,False,False,False,False,False,False,True,False,False
7C40020037625,False,False,True,False,False,False,False,False,False,False
7C40020037626,False,False,False,False,False,False,False,True,False,False
7C40020037632,False,False,False,False,False,False,False,False,False,True
7C40020037634,False,False,False,True,False,False,False,False,False,False
7C40020037635,False,False,False,False,False,False,False,False,False,True
7C40020037642,False,False,False,False,False,False,False,True,False,False
7C40020037646,False,True,False,False,False,False,False,False,False,False
7C40020037651,False,False,False,False,False,False,True,False,False,False
7C40020037655,False,False,False,False,False,False,False,False,False,True
7C40020037656,False,False,False,False,False,True,True,False,False,False
7C40020037658,False,False,False,False,False,False,False,False,False,True
7C40020037659,False,False,False,False,False,False,False,True,False,False
7C40020037662,False,False,True,True,False,False,False,False,False,False
7C40020037663,False,False,False,False,False,False,True,False,True,False
7C40020037669,False,False,False,False,False,False,False,False,True,False
7C40020037673,False,False,False,True,False,False,False,False,False,True
7C40020037674,False,False,False,False,True,False,False,False,False,False
7C40020037675,False,False,False,False,False,False,False,False,False,True
7C40020037677,False,False,False,False,False,False,False,False,True,True
7C40020037680,False,False,False,False,False,False,False,False,True,False
7C40020037683,False,False,False,False,False,False,False,False,True,False
7C40020037684,False,False,False,False,False,False,False,False,False,True
7C40020037685,False,False,False,False,False,False,False,False,False,True
7C40020037687,False,False,False,False,False,True,True,False,False,False
7C40020037689,False,False,False,False,False,False,False,True,True,False
7C40020037694,False,False,False,False,False,False,False,False,True,False
7C40020037695,False,False,False,False,False,True,False,False,False,False
7C40020037697,False,False,False,False,False,False,True,False,False,False
7C40020037699,False,False,False,False,False,False,False,False,True,True
7C40020037700,False,False,False,False,False,False,False,False,True,False
7C40020037702,False,False,False,False,False,False,True,False,False,False
7C40020037704,False,False,False,False,False,False,False,False,False,True
7C40020037709,False,False,False,False,False,False,False,False,False,True
7C40020037710,False,False,False,False,False,False,False,False,False,True
7C40020037711,False,False,False,False,False,False,False,True,False,False
7C40020037717,False,True,False,False,False,False,False,False,False,False
7C40020037718,False,False,False,False,False,False,False,True,False,False
7C40020037720,False,False,False,False,False,False,False,True,False,False
7C40020037721,False,False,False,False,False,False,False,True,False,False
7C40020037722,False,False,False,False,False,False,False,False,True,False
7C40020037723,False,False,False,False,False,False,False,False,True,False
7C40020037729,False,False,False,False,False,False,False,False,True,False
7C40020037734,False,False,False,False,False,False,False,False,True,False
7C40020037736,False,False,False,False,False,False,False,False,True,False
7C40020037741,False,False,False,False,False,False,False,True,False,False
7C40020037743,False,False,False,False,False,False,False,False,True,False
7C40020037747,False,False,False,False,False,False,False,False,True,False
7C40020037750,False,True,False,False,False,False,False,False,False,False
7C40020037754,False,False,False,False,False,False,False,False,True,False
7C40020037756,False,False,False,False,False,False,False,False,True,False
7C40020037764,False,False,False,False,False,False,True,False,True,False
7C40020037766,True,False,False,False,False,False,False,False,False,False
7C40020037767,False,False,False,False,False,False,False,False,False,True
7C40020037770,False,False,True,False,False,False,False,False,False,False
7C40020037773,False,False,False,False,False,False,True,False,False,False
7C40020037777,False,False,False,False,False,False,False,False,False,True
7C40020037780,False,False,False,False,False,True,False,False,False,False
7C40020037781,False,False,False,False,False,False,True,True,False,False
7C40020037784,False,False,False,False,False,False,False,False,True,False
7C40020037789,False,False,False,False,False,False,False,False,True,False
7C40020037791,False,False,False,False,False,False,True,False,False,False
7C40020037797,False,False,False,False,False,False,False,True,False,False
7C40020037798,False,False,False,False,False,False,False,False,True,False
7C40020037800,False,False,False,False,False,False,False,False,True,False
7C40020037801,False,False,False,False,False,False,False,False,True,False
7C40020037803,False,False,False,False,False,False,False,True,False,False
7C40020037804,False,False,False,False,False,False,False,False,False,True
7C40020037806,False,False,False,False,False,False,False,True,False,False
7C40020037808,False,False,False,False,False,False,False,False,False,True
7C40020037814,False,False,False,False,False,False,False,False,True,False
7C40020037817,False,False,False,False,False,False,False,False,False,True
7C40020037819,False,False,False,False,False,False,False,True,False,False
7C40020037821,False,False,False,False,False,False,False,False,False,True
7C40020037823,False,False,False,False,False,False,False,False,True,False
7C40020037831,False,False,False,False,False,False,False,True,False,False
7C40020037832,False,False,False,False,False,False,False,False,False,True
7C40020037833,False,False,False,False,False,False,False,True,False,False
7C40020037835,False,False,False,False,False,False,False,False,True,False
7C40020037837,False,False,False,False,False,False,False,False,True,False
7C40020037838,False,False,False,False,False,False,False,False,False,True
7C40020037839,False,False,False,False,False,False,False,False,False,True
7C40020037841,False,False,False,False,False,False,False,False,False,True
7C40020037842,False,False,False,False,False,False,False,False,True,False
7C40020037843,False,False,False,False,False,False,False,False,False,True
7C40020037847,False,False,False,False,True,False,False,False,False,False
7C40020037852,False,False,False,False,False,False,False,True,False,False
7C40020037853,False,False,False,False,False,False,False,True,False,False
7C40020037861,False,False,False,False,False,False,True,False,False,False
7C40020037866,False,False,False,False,False,False,False,True,False,False
7C40020037872,False,False,False,False,False,False,True,False,False,False
7C40020037877,False,False,False,False,False,False,False,False,False,True
7C40020037880,False,False,False,False,False,False,True,False,False,False
7C40020037881,False,False,False,True,False,False,False,False,False,False
7C40020037882,False,False,False,False,False,False,False,False,False,True
7C40020037883,False,False,False,False,False,False,False,False,False,True
7C40020037888,False,False,False,False,False,False,True,False,False,False
7C40020037889,False,False,False,False,False,False,False,False,True,False
7C40020037890,False,False,False,False,False,True,True,False,False,False
7C40020037892,False,False,False,False,False,False,True,False,False,False
7C40020037896,False,False,False,False,False,False,True,False,False,False
7C40020037897,False,False,False,False,False,False,False,False,True,False
7C40020037899,False,False,False,False,False,False,False,False,False,True
7C40020037900,False,False,False,False,False,False,False,False,True,False
7C40020037902,True,False,False,False,False,False,True,False,False,False
7C40020037903,False,False,False,False,False,False,True,True,False,False
7C40020037904,False,False,False,False,False,False,False,False,True,True
7C40020037905,False,False,False,True,False,False,False,False,False,False
7C40020037906,False,False,False,False,False,False,False,False,False,True
7C40020037908,False,True,False,False,False,False,False,False,False,False
7C40020037911,False,False,False,False,False,False,False,True,False,True
7C40020037915,False,False,False,False,False,False,False,True,True,False
7C40020037920,False,False,False,False,False,False,False,True,False,False
7C40020037923,False,False,False,False,False,False,False,True,False,False
7C40020037930,False,False,False,False,False,False,False,True,False,False
7C40020037932,False,False,False,False,False,False,False,False,True,False
7C40020037934,False,False,False,False,False,False,False,False,True,False
7C40020037937,False,False,False,False,False,False,False,True,False,False
7C40020037939,False,False,False,False,False,False,True,False,False,False
7C40020037940,False,False,False,False,False,False,False,True,False,False
7C40020037941,False,False,False,False,False,False,False,False,True,True
7C40020037945,False,False,False,False,False,False,False,False,False,True
7C40020037946,False,False,False,False,False,False,False,False,False,True
7C40020037950,False,False,False,False,False,False,False,True,False,False
7C40020037952,False,False,False,False,False,False,False,True,True,False
7C40020037956,False,False,False,False,False,False,False,True,False,False
7C40020037957,False,False,False,False,False,False,False,True,False,False
7C40020037958,False,False,False,False,False,False,False,True,False,False
7C40020037960,False,False,False,False,False,False,False,True,False,False
7C40020037961,False,False,False,False,False,False,False,False,False,True
7C40020037964,False,False,False,False,False,False,False,True,False,False
7C40020037972,False,False,False,False,False,True,False,False,False,False
7C40020037976,False,False,False,False,False,False,True,False,False,False
7C40020037981,False,False,False,False,True,False,False,False,False,False
7C40020037983,False,False,False,False,False,False,False,False,False,True
7C40020037987,False,False,False,False,False,False,False,False,False,True
7C40020037988,False,False,False,False,False,False,False,False,False,True
7C40020037989,False,False,False,False,False,False,False,False,True,False
7C40020037997,False,False,False,False,False,False,False,True,False,False
7C40020037999,False,False,False,False,False,False,False,True,False,False
7C40020038000,False,False,False,True,False,False,False,False,False,False
7C40020038012,False,False,False,False,False,False,False,True,False,False
7C40020038015,False,False,False,True,False,False,False,False,False,False
7C40020038028,False,False,False,False,False,False,False,False,True,False
7C40020038035,False,False,False,False,False,False,False,True,False,False
7C40020038039,False,False,False,False,False,False,False,True,False,False
7C40020038040,False,False,False,False,False,False,False,False,False,True
7C40020038041,False,False,False,False,False,False,False,True,False,False
7C40020038046,False,False,False,False,False,False,True,False,False,False
7C40020038050,False,False,False,False,False,False,False,False,False,True
7C40020038052,False,False,False,False,False,False,False,False,False,True
7C40020038053,False,False,False,False,False,False,False,False,False,True
7C40020038057,True,False,False,False,False,True,True,False,False,False
7C40020038058,False,False,False,False,False,True,True,False,False,False
7C40020038059,False,False,False,True,False,False,False,False,False,False
7C40020038060,False,False,False,False,False,False,False,False,False,True
7C40020038061,False,False,False,False,False,False,False,False,True,False
7C40020038062,False,False,False,False,False,False,True,False,False,True
7C40020038063,False,False,False,False,False,True,True,False,False,False
7C40020038065,False,False,False,False,False,False,True,False,False,False
7C40020038067,False,False,False,False,True,True,False,False,False,False
7C40020038068,False,False,False,False,False,False,True,False,False,False
7C40020038071,False,False,False,False,False,False,False,False,True,False
7C40020038073,False,False,False,False,True,False,False,False,False,False
7C40020038074,False,False,False,False,False,True,False,False,False,False
7C40020038076,False,False,False,False,False,True,True,False,False,False
7C40020038077,True,False,False,False,False,False,False,False,False,False
7C40020038082,False,False,False,False,False,False,True,False,False,False
7C40020038085,False,True,False,False,False,False,False,False,False,False
7C40020038087,False,False,False,False,False,False,False,False,False,True
7C40020038088,False,False,False,False,False,False,False,True,False,False
7C40020038091,False,False,False,False,False,False,False,True,False,False
7C40020038092,False,False,False,False,False,False,False,True,False,False
7C40020038097,False,False,False,False,False,False,False,True,False,False
7C40020038103,False,False,False,False,False,False,False,False,False,True
7C40020038104,False,False,False,False,False,False,False,True,False,False
7C40020038106,False,False,False,True,False,False,False,True,False,False
7C40020038107,False,False,False,False,False,False,True,True,False,False
7C40020038109,False,False,False,False,False,False,False,False,False,True
7C40020038110,False,False,False,False,False,False,False,True,False,False
7C40020038113,False,False,False,False,False,False,False,True,False,False
7C40020038114,False,False,False,False,False,False,True,True,False,False
7C40020038115,False,False,False,False,False,False,False,True,False,False
7C40020038117,False,False,False,False,False,False,False,False,True,False
7C40020038118,False,False,False,False,False,False,False,True,False,False
7C40020038123,False,False,False,False,False,False,True,False,False,False
7C40020038130,False,False,False,False,False,False,False,True,False,False
7C40020038137,False,False,False,False,False,False,False,False,True,False
7C40020038143,False,False,False,False,False,False,True,False,False,False
7C40020038145,True,False,False,False,False,False,False,False,False,False
7C40020038150,False,False,False,False,False,False,True,False,False,False
7C40020038151,False,False,False,False,False,False,False,True,False,False
7C40020038157,False,False,False,False,False,False,True,False,False,False
7C40020038158,False,False,False,False,False,False,False,False,True,False
7C40020038159,False,False,False,False,False,False,False,False,True,False
7C40020038161,False,False,False,False,True,True,True,False,True,False
7C40020038162,False,False,False,False,False,False,False,True,False,False
7C40020038169,False,False,False,False,False,False,False,True,False,False
7C40020038170,False,False,False,False,True,False,False,True,False,False
7C40020038173,False,False,False,False,False,False,True,False,False,False
7C40020038175,False,False,False,False,False,False,False,True,False,False
7C40020038177,False,False,False,False,False,False,True,False,False,False
7C40020038178,True,False,False,False,False,False,False,False,False,False
7C40020038185,False,False,False,False,False,False,False,True,False,False
7C40020038186,False,False,False,False,False,False,False,False,True,True
7C40020038190,False,False,False,False,False,False,False,True,False,False
7C40020038196,False,False,False,False,False,False,False,True,False,False
7C40020038207,False,False,False,True,False,False,True,False,False,False
7C40020038208,False,False,False,False,False,False,False,True,False,False
7C40020038209,False,False,False,False,False,False,False,True,False,False
7C40020038213,False,False,False,False,False,False,False,True,False,False
7C40020038219,False,False,False,False,False,False,False,False,True,False
7C40020038220,False,False,False,False,False,False,False,True,False,False
7C40020038225,False,False,False,False,False,False,False,True,False,False
7C40020038230,False,False,False,False,False,False,False,True,False,False
7C40020038231,False,False,False,False,False,False,False,True,False,False
7C40020038234,False,False,False,False,False,False,False,True,False,False
7C40020038237,False,False,False,False,False,False,False,True,False,False
7C40020038238,False,False,False,False,False,False,True,False,False,False
7C40020038239,False,False,False,False,False,False,True,False,False,False
7C40020038257,False,False,False,False,False,False,False,False,True,False
7C40020038258,False,False,False,False,False,False,False,False,True,False
7C40020038259,False,False,False,False,False,False,False,False,False,True
7C40020038260,False,False,False,False,False,False,False,True,False,False
7C40020038263,False,False,False,False,False,False,False,False,False,True
7C40020038264,False,False,False,False,False,False,False,False,True,False
7C40020038266,False,False,False,False,False,False,False,False,False,True
7C40020038267,False,False,False,False,True,False,False,False,False,False
7C40020038269,False,False,False,False,False,False,False,False,True,False
7C40020038270,False,False,False,False,True,False,False,False,False,True
7C40020038271,False,False,False,False,False,False,False,False,False,True
7C40020038273,False,False,False,False,False,False,False,False,True,False
7C40020038274,False,False,False,False,False,False,False,False,False,True
7C40020038275,False,False,False,False,False,False,True,False,False,False
7C40020038276,False,False,False,False,False,False,True,False,True,False
7C40020038278,False,False,False,False,False,False,True,False,False,False
7C40020038279,False,False,False,False,False,False,True,False,False,False
7C40020038280,False,False,False,False,False,False,False,False,False,True
7C40020038281,False,False,False,False,False,False,True,False,False,False
7C40020038283,False,False,False,False,False,False,True,False,False,False
7C40020038286,False,False,False,False,False,False,False,False,True,False
7C40020038287,False,False,False,False,False,False,False,False,True,False
7C40020038288,False,False,False,False,False,True,False,False,False,False
7C40020038291,False,True,False,True,False,False,False,False,False,False
7C40020038292,False,False,False,False,False,False,True,False,False,False
7C40020038293,False,False,False,False,False,True,True,False,False,False
7C40020038295,False,False,False,False,False,False,False,False,True,False
7C40020038297,False,False,False,False,False,False,False,False,True,False
7C40020038298,False,False,False,False,False,True,False,False,False,False
7C40020038299,False,False,False,False,False,True,False,False,False,False
7C40020038301,False,False,False,False,False,False,True,False,False,False
7C40020038303,False,False,False,False,False,True,True,False,True,False
7C40020038304,False,False,False,False,False,True,True,False,False,False
7C40020038308,False,False,False,False,False,False,True,False,False,False
7C40020038312,False,True,False,False,False,False,False,False,False,False
7C40020038314,False,False,False,False,False,False,False,True,False,False
7C40020038317,False,False,False,False,False,False,False,False,True,False
7C40020038319,False,False,False,False,False,False,False,False,False,True
7C40020038322,False,False,False,False,False,False,False,True,False,False
7C40020038327,False,False,False,False,False,False,False,False,False,True
7C40020038329,False,False,False,False,False,False,False,True,False,False
7C40020038330,False,False,False,False,False,False,False,True,False,False
7C40020038332,False,False,False,False,False,False,False,True,False,True
7C40020038335,False,False,False,False,False,False,False,False,True,False
7C40020038337,False,False,False,False,False,False,False,True,False,False
7C40020038341,False,False,False,False,False,False,False,True,False,False
7C40020038342,False,False,False,False,False,False,False,False,False,True
7C40020038343,False,False,False,False,False,False,False,False,False,True
7C40020038345,False,False,False,True,False,False,True,True,False,False
7C40020038349,False,False,False,False,False,False,False,False,False,True
7C40020038350,False,False,False,False,False,False,False,True,False,False
7C40020038351,False,False,False,False,False,False,False,False,False,True
7C40020038352,False,True,False,False,False,False,True,False,False,False
7C40020038354,False,False,False,False,False,False,False,True,True,False
7C40020038356,False,False,False,False,False,False,False,False,True,False
7C40020038361,False,False,False,False,False,True,False,False,False,False
7C40020038367,False,False,False,False,False,False,False,True,False,False
7C40020038368,False,False,False,False,False,False,False,False,False,True
7C40020038371,False,False,False,False,False,False,False,True,False,False
7C40020038372,False,False,False,False,False,False,False,False,False,True
7C40020038375,False,False,False,True,False,False,False,False,False,False
7C40020038377,False,False,False,False,False,False,False,False,False,True
7C40020038380,False,False,False,False,False,False,False,True,False,False
7C40020038385,False,False,False,False,False,False,False,True,False,False
7C40020038394,False,False,False,False,False,False,False,False,True,False
7C40020038403,False,False,False,False,False,False,False,True,False,True
7C40020038409,False,False,False,True,False,False,False,False,False,False
7C40020038411,False,False,False,False,False,False,False,True,False,False
7C40020038420,False,False,False,False,False,False,False,True,False,False
7C40020038425,False,False,False,False,False,False,False,False,False,True
7C40020038428,False,False,False,False,True,False,True,False,False,False
7C40020038433,False,False,False,False,False,False,True,False,False,False
7C40020038436,False,False,False,False,False,False,True,False,True,False
7C40020038437,False,False,False,False,False,True,False,False,False,False
7C40020038439,False,False,False,True,False,False,False,False,False,False
7C40020038440,False,False,False,False,False,False,True,False,False,False
7C40020038441,False,False,False,False,False,True,False,False,False,False
7C40020038443,False,False,False,False,False,False,False,False,True,False
7C40020038444,False,False,True,False,False,False,False,False,False,False
7C40020038446,False,False,False,False,False,False,True,False,False,False
7C40020038450,False,False,False,False,False,False,True,False,False,False
7C40020038455,False,False,False,False,False,False,True,False,False,False
7C40020038461,False,False,False,False,False,False,False,True,False,False
7C40020038464,False,False,False,False,False,False,False,False,True,False
7C40020038465,False,False,False,False,False,False,False,False,True,False
7C40020038469,False,False,False,True,False,False,False,False,False,False
7C40020038476,False,False,False,False,False,False,False,True,False,False
7C40020038479,False,False,False,False,False,False,False,False,True,False
7C40020038481,False,False,False,False,False,False,False,False,True,False
7C40020038488,False,False,False,False,False,False,False,True,False,False
7C40020038490,False,False,False,False,False,False,False,True,True,False
7C40020038491,False,False,False,False,False,False,False,True,False,False
7C40020038494,False,False,False,False,False,False,False,True,False,False
7C40020038496,False,False,False,False,False,False,False,True,False,False
7C40020038501,False,False,False,False,False,False,False,True,False,False
7C40020038504,False,False,False,False,False,False,False,True,False,False
7C40020038508,False,False,False,False,False,False,False,False,True,False
7C40020038512,False,False,False,False,False,False,False,True,False,False
7C40020038517,False,False,False,False,False,False,False,False,True,False
7C40020038521,False,False,False,False,False,False,False,True,False,False
7C40020038522,False,False,False,False,False,False,True,False,False,False
7C40020038525,False,False,False,False,False,False,False,False,True,False
7C40020038528,False,False,False,False,False,False,False,True,False,False
7C40020038532,False,False,False,False,False,True,False,False,False,False
7C40020038535,False,False,False,False,False,False,False,False,True,False
7C40020038538,False,False,False,False,False,False,False,False,True,False
7C40020038543,False,False,False,False,False,False,False,True,False,False
7C40020038544,False,False,False,True,False,False,False,False,False,False
7C40020038550,True,False,False,False,False,False,False,False,False,False
7C40020038557,False,False,False,False,False,False,False,False,False,True
7C40020038560,False,False,False,False,False,False,False,False,True,False
7C40020038561,False,False,False,False,False,False,True,False,False,False
7C40020038562,False,False,False,False,False,False,False,False,False,True
7C40020038563,False,False,False,False,False,False,False,True,False,False
7C40020038564,False,False,False,False,False,False,False,False,False,True
7C40020038568,False,False,False,False,False,False,False,False,True,False
7C40020038570,False,False,False,False,False,False,False,False,False,True
7C40020038573,False,False,False,True,False,False,False,False,False,False
7C40020038576,False,False,False,False,False,False,True,False,False,False
7C40020038578,False,False,False,False,False,False,False,False,True,False
7C40020038581,False,False,False,False,False,False,True,False,False,False
7C40020038583,False,False,False,False,True,False,False,False,False,False
7C40020038585,False,False,False,False,False,False,False,True,False,False
7C40020038589,False,False,False,False,False,False,False,False,True,False
7C40020038590,False,False,False,True,False,False,False,False,False,False
7C40020038596,False,False,False,False,False,False,False,True,False,False
7C40020038600,False,False,False,False,False,False,False,True,False,False
7C40020038602,False,False,False,False,False,False,True,False,False,False
7C40020038603,False,False,False,False,False,False,False,False,False,True
7C40020038604,False,False,False,False,False,False,True,False,False,False
7C40020038607,False,False,False,False,False,False,False,False,False,True
7C40020038620,False,False,True,False,False,False,False,False,False,False
7C40020038622,False,False,False,False,False,False,False,False,True,False
7C40020038625,False,False,False,False,False,False,True,False,False,False
7C40020038631,False,False,False,False,False,False,True,False,False,False
7C40020038632,False,False,False,False,False,True,True,False,False,True
7C40020038633,False,False,False,False,False,False,True,False,False,False
7C40020038634,False,False,False,True,False,False,True,False,False,False
7C40020038636,False,False,False,False,True,False,True,False,True,False
7C40020038637,False,False,False,False,False,False,False,False,False,True
7C40020038638,False,False,False,False,True,False,False,False,False,False
7C40020038639,False,False,False,False,False,True,True,False,False,False
7C40020038640,False,False,False,False,False,False,True,False,False,False
7C40020038642,False,False,False,False,True,False,True,False,False,False
7C40020038643,False,False,False,False,True,False,True,False,False,False
7C40020038645,False,False,False,False,False,False,False,False,True,False
7C40020038646,False,False,False,False,False,False,False,False,True,False
7C40020038647,False,False,False,False,False,False,False,False,True,False
7C40020038648,False,False,False,False,False,False,True,False,False,True
7C40020038652,False,False,False,False,False,True,True,False,False,False
7C40020038653,False,False,False,False,False,False,False,False,False,True
7C40020038654,False,False,True,False,False,False,False,False,False,True
7C40020038655,False,False,False,False,False,True,False,False,True,False
7C40020038656,False,False,False,False,False,False,False,False,False,True
7C40020038658,False,False,False,False,False,False,False,False,True,False
7C40020038660,True,False,False,False,False,False,True,False,True,False
7C40020038678,False,False,False,False,False,False,False,False,False,True
7C40020038680,False,False,False,False,False,False,False,True,False,False
7C40020038683,False,False,False,False,False,False,False,True,False,False
7C40020038684,False,False,False,False,False,False,False,False,True,False
7C40020038685,False,False,False,False,False,False,False,True,False,False
7C40020038686,False,False,False,False,False,False,False,True,False,False
7C40020038687,False,False,False,False,False,False,False,False,True,False
7C40020038691,False,False,False,True,False,False,False,False,False,False
7C40020038692,False,False,False,False,False,False,False,False,True,False
7C40020038694,False,False,False,False,False,False,True,False,False,False
7C40020038697,False,False,False,True,False,False,False,False,False,False
7C40020038701,False,False,False,False,False,False,False,True,True,False
7C40020038707,False,False,False,False,False,False,False,True,False,False
7C40020038709,False,False,False,False,False,False,False,True,False,False
7C40020038712,False,False,False,False,False,False,False,True,True,False
7C40020038713,False,False,False,False,False,False,False,True,False,False
7C40020038720,False,False,False,False,False,False,False,False,True,False
7C40020038724,False,False,False,False,False,False,True,False,False,False
7C40020038725,False,False,False,False,False,False,False,True,False,False
7C40020038726,False,False,False,False,False,False,False,False,True,False
7C40020038730,False,False,False,False,False,False,False,True,True,False
7C40020038737,False,False,False,False,False,False,False,True,True,False
7C40020038743,False,False,False,False,False,False,False,True,False,False
7C40020038745,False,False,False,False,False,False,False,False,True,False
7C40020038752,False,False,False,False,False,False,False,False,False,True
7C40020038756,False,False,False,False,False,False,False,True,False,False
7C40020038757,False,False,False,False,False,False,False,False,True,False
7C40020038765,False,False,False,False,False,False,False,True,False,False
7C40020038778,False,False,False,True,False,False,False,False,False,False
7C40020038779,False,False,False,False,False,False,True,False,False,False
7C40020038784,False,False,False,False,False,False,False,False,False,True
7C40020038786,False,False,False,False,False,False,False,True,False,False
7C40020038793,False,False,True,True,False,False,False,False,False,False
7C40020038798,False,False,False,False,False,False,False,True,False,False
7C40020038809,False,False,False,True,False,False,False,False,False,False
7C40020038810,False,False,False,False,False,False,True,False,False,False
7C40020038812,False,False,False,False,False,False,False,True,False,False
7C40020038813,False,False,False,False,False,False,False,False,True,False
7C40020038817,False,False,False,False,False,False,False,True,False,False
7C40020038821,False,False,False,False,False,False,False,True,False,False
7C40020038823,False,False,False,False,False,False,False,False,False,True
7C40020038826,False,False,False,False,False,False,False,False,True,False
7C40020038828,False,False,False,False,False,False,False,False,True,False
7C40020038829,False,False,False,False,False,False,False,True,False,False
7C40020038831,False,False,False,False,False,False,False,False,True,False
7C40020038832,False,False,False,False,True,False,False,False,False,False
7C40020038833,False,False,False,False,False,False,False,False,True,False
7C40020038834,False,False,False,False,False,False,True,False,False,False
7C40020038836,False,False,False,False,False,False,False,False,True,False
7C40020038840,False,False,False,False,False,False,True,False,False,False
7C40020038841,False,False,False,False,False,False,True,False,False,True
7C40020038842,False,False,False,False,False,False,False,False,True,False
7C40020038843,False,False,False,False,False,False,False,False,False,True
7C40020038844,False,False,False,False,False,False,True,False,False,False
7C40020038845,False,False,False,False,False,False,True,False,False,False
7C40020038847,False,False,False,False,False,False,False,False,True,False
7C40020038849,False,False,False,True,False,False,False,False,False,False
7C40020038854,False,False,False,False,False,False,False,True,False,False
7C40020038857,False,False,False,False,False,False,False,False,False,True
7C40020038863,False,False,False,False,False,False,False,True,False,False
7C40020038866,False,True,False,False,False,False,False,False,False,False
7C40020038872,False,False,False,False,False,False,False,False,False,True
7C40020038874,False,False,False,False,False,False,False,True,False,False
7C40020038875,False,False,False,False,False,False,False,False,False,True
7C40020038878,False,False,False,False,False,False,False,True,False,False
7C40020038880,False,False,False,False,False,False,False,False,True,False
7C40020038882,False,False,False,False,False,False,False,False,True,False
7C40020038884,False,False,False,False,False,False,False,True,False,False
7C40020038886,False,False,False,False,False,False,False,True,False,False
7C40020038888,False,False,False,False,False,False,False,True,False,False
7C40020038889,False,False,False,False,False,False,False,True,False,False
7C40020038890,False,False,False,False,False,False,False,True,False,False
7C40020038893,False,False,False,False,False,False,False,False,True,False
7C40020038899,False,False,False,False,False,False,False,True,False,False
7C40020038901,False,False,False,True,False,False,True,False,False,False
7C40020038911,False,False,False,False,False,False,False,True,False,False
7C40020038914,False,False,False,False,False,False,False,False,True,False
7C40020038916,False,False,False,False,False,False,False,True,False,False
7C40020038919,False,False,False,False,False,False,False,False,True,False
7C40020038920,False,False,False,False,False,False,False,True,False,False
7C40020038925,False,False,False,False,False,False,False,False,False,True
7C40020038927,False,False,False,True,False,False,False,False,False,False
7C40020038933,False,False,False,False,False,False,False,True,False,False
7C40020038936,False,False,False,False,False,False,False,True,False,False
7C40020038937,False,False,False,False,False,False,False,True,False,False
7C40020038939,False,False,False,False,False,False,False,False,True,False
7C40020038941,False,False,False,True,False,False,False,False,False,False
7C40020038949,False,False,False,False,False,False,False,True,False,False
7C40020038951,False,False,False,False,False,False,False,True,False,False
7C40020038953,False,False,False,False,False,False,False,True,False,False
7C40020038954,False,False,False,False,False,False,False,True,False,False
7C40020038959,False,False,False,False,False,False,False,False,False,True
7C40020038963,False,False,False,False,False,False,True,True,False,False
7C40020038969,False,False,False,False,False,False,False,False,True,False
7C40020038977,False,False,False,False,False,False,False,False,True,False
7C40020038983,False,False,False,False,False,False,False,False,False,True
7C40020038996,False,False,False,False,False,False,False,False,True,False
7C40020038997,False,False,True,False,False,False,False,False,False,False
7C40020039000,False,False,False,False,True,False,True,True,False,False
7C40020039001,False,False,False,True,False,False,True,False,False,False
7C40020039002,False,False,False,True,False,False,False,False,False,False
7C40020039004,False,False,False,False,False,False,False,False,False,True
7C40020039005,False,False,False,True,False,False,False,False,False,False
7C40020039009,False,False,False,False,False,False,False,False,False,True
7C40020039013,False,False,False,True,False,False,False,False,False,False
7C40020039028,False,False,False,True,False,False,False,False,False,False
7C40020039029,False,False,False,False,False,False,True,False,False,False
7C40020039030,False,False,False,False,True,False,False,False,True,False
7C40020039031,False,False,False,False,False,False,False,False,True,False
7C40020039032,False,False,False,False,False,False,True,False,False,False
7C40020039034,False,False,False,False,False,False,False,False,False,True
7C40020039037,False,False,False,False,False,False,False,False,False,True
7C40020039038,False,False,False,False,False,False,False,False,False,True
7C40020039047,False,False,False,False,False,False,False,False,False,True
7C40020039050,False,False,False,False,False,False,False,False,False,True
7C40020039051,False,False,False,True,False,False,False,False,False,False
7C40020039054,False,False,False,False,False,False,False,True,False,False
7C40020039055,False,False,False,False,False,False,False,True,False,False
7C40020039057,False,False,False,False,False,False,False,True,False,False
7C40020039068,False,False,False,False,False,False,False,True,False,False
7C40020039069,False,False,False,False,False,False,False,False,False,True
7C40020039070,False,False,False,False,True,False,False,False,True,False
7C40020039073,False,False,False,False,False,False,False,True,True,False
7C40020039074,False,False,False,False,False,False,False,True,False,False
7C40020039078,False,False,False,False,False,False,False,True,False,False
7C40020039080,False,False,False,False,False,False,True,False,False,False
7C40020039081,False,False,False,False,False,False,True,False,True,False
7C40020039082,False,False,False,False,False,False,False,True,False,False
7C40020039083,False,False,False,False,False,False,False,True,False,False
7C40020039086,False,False,True,False,False,False,False,False,False,False
7C40020039087,False,False,False,False,False,False,False,True,False,False
7C40020039095,False,False,False,False,False,False,False,False,False,True
7C40020039096,False,False,False,False,False,False,False,True,False,False
7C40020039103,False,False,False,False,False,False,True,False,False,False
7C40020039109,False,False,False,False,False,False,False,True,False,False
7C40020039111,False,False,False,False,False,False,True,False,False,False
7C40020039125,False,False,False,False,False,False,False,False,False,True
7C40020039129,False,False,False,False,True,False,False,False,False,False
7C40020039131,False,False,False,False,False,False,False,False,True,False
7C40020039136,False,False,False,True,False,False,False,False,False,False
7C40020039143,False,False,False,False,False,False,False,True,False,False
7C40020039144,False,False,False,False,False,False,False,True,False,False
7C40020039154,False,False,False,False,False,False,False,True,False,False
7C40020039157,False,False,False,False,False,False,False,True,False,False
7C40020039160,False,False,False,False,False,False,False,True,False,False
7C40020039163,False,False,False,False,False,False,True,False,False,False
7C40020039167,False,False,False,True,False,False,False,False,False,False
7C40020039186,False,False,False,False,False,False,False,False,False,True
7C40020039187,False,False,False,False,False,False,False,False,True,False
7C40020039188,False,False,False,False,False,False,True,False,False,False
7C40020039192,False,False,False,False,False,False,False,False,True,False
7C40020039193,False,False,False,False,False,False,False,False,False,True
7C40020039197,False,False,False,False,False,False,False,False,False,True
7C40020039199,False,False,False,False,False,False,False,True,False,False
7C40020039200,False,False,False,False,False,False,False,False,True,False
7C40020039202,False,False,False,False,False,False,False,False,False,True
7C40020039209,False,False,False,True,False,False,False,False,False,False
7C40020039212,False,False,False,False,False,False,False,False,True,False
7C40020039213,False,False,False,False,False,False,False,False,False,True
7C40020039217,False,False,False,False,False,False,False,False,False,True
7C40020039220,False,False,False,False,False,False,True,False,False,False
7C40020039221,False,False,False,False,False,False,False,False,True,False
7C40020039222,False,False,False,False,True,True,True,False,False,False
7C40020039223,False,False,False,False,False,False,False,False,False,True
7C40020039229,False,False,False,False,False,True,True,False,False,False
7C40020039232,False,False,False,False,False,False,True,False,False,False
7C40020039233,False,False,False,False,False,True,True,False,False,False
7C40020039234,False,False,False,False,False,False,False,False,False,True
7C40020039238,False,False,False,False,False,False,False,False,False,True
7C40020039239,False,False,False,False,False,False,True,False,False,False
7C40020039240,False,False,False,False,False,False,True,False,False,False
7C40020039243,False,False,False,False,False,False,False,False,True,False
7C40020039245,False,False,False,False,False,False,False,False,False,True
7C40020039247,False,False,False,False,False,False,False,False,False,True
7C40020039257,False,False,False,False,False,False,True,False,False,False
7C40020039263,False,False,False,False,False,False,False,False,True,False
7C40020039264,False,False,False,False,False,False,False,True,False,False
7C40020039266,False,False,False,False,False,False,False,False,False,True
7C40020039270,False,False,False,False,False,False,False,True,False,False
7C40020039275,False,False,False,False,False,False,False,True,False,False
7C40020039279,False,False,False,False,False,False,True,False,False,False
7C40020039283,False,False,False,False,False,False,False,False,False,True
7C40020039286,False,False,False,False,False,False,False,False,False,True
7C40020039287,False,False,False,False,False,False,False,True,False,False
7C40020039298,False,False,False,False,False,False,False,False,False,True
7C40020039304,False,False,False,False,False,False,False,False,False,True
7C40020039307,False,False,False,False,False,False,False,False,False,True
7C40020039333,False,False,False,False,False,False,False,True,False,False
7C40020039334,False,False,False,False,False,False,False,True,False,False
7C40020039336,False,False,False,False,False,False,False,True,False,False
7C40020039338,False,False,False,False,False,False,False,False,False,True
7C40020039339,False,False,False,False,False,False,False,True,False,False
7C40020039341,False,False,False,False,False,False,True,False,False,False
7C40020039342,False,False,False,False,False,False,False,True,False,False
7C40020039349,True,False,False,False,False,False,False,False,False,False
7C40020039350,True,False,False,False,False,False,False,True,False,False
7C40020039351,False,False,False,False,False,False,False,False,False,True
7C40020039352,False,False,False,False,False,False,True,False,False,False
7C40020039353,True,False,False,False,False,False,False,False,False,False
7C40020039354,False,False,False,True,False,False,False,False,False,False
7C40020039364,False,False,False,False,False,False,False,False,True,False
7C40020039368,False,False,False,False,False,False,True,True,True,False
7C40020039370,False,False,False,False,False,False,False,True,False,False
7C40020039383,False,False,False,False,False,False,False,False,True,False
7C40020039389,False,False,False,False,False,False,True,False,False,False
7C40020039390,False,False,False,False,False,True,True,True,False,False
7C40020039400,False,False,False,False,False,False,False,False,True,False
7C40020039402,False,False,False,False,False,False,False,False,True,False
7C40020039409,False,False,False,False,False,False,True,False,False,False
7C40020039410,False,False,False,False,False,False,True,False,False,False
7C40020039414,False,False,False,False,False,False,True,False,False,False
7C40020039422,False,False,False,False,False,False,True,False,False,False
7C40020039423,False,False,False,False,False,True,True,False,False,False
7C40020039424,False,False,False,False,False,False,True,False,False,False
7C40020039427,False,False,False,False,False,False,False,False,False,True
7C40020039430,False,False,False,False,False,False,False,False,True,False
7C40020039431,False,False,False,True,False,False,False,False,False,False
7C40020039433,False,False,False,False,False,False,True,False,False,False
7C40020039434,False,False,False,False,False,False,False,True,True,False
7C40020039436,False,False,False,False,False,False,True,False,False,False
7C40020039437,False,False,False,True,False,False,False,False,False,False
7C40020039440,False,False,False,False,False,False,False,False,False,True
7C40020039441,False,False,False,False,False,False,False,True,False,False
7C40020039443,False,False,False,False,True,False,False,False,True,False
7C40020039446,False,False,False,False,False,False,False,False,False,True
7C40020039452,False,False,False,False,False,False,True,False,False,False
7C40020039454,False,False,False,False,True,False,False,False,False,False
7C40020039456,False,False,False,True,False,False,False,False,False,False
7C40020039457,False,True,False,False,False,False,False,False,False,False
7C40020039464,False,False,False,False,False,False,False,False,False,True
7C40020039467,False,False,False,False,False,False,False,True,True,False
7C40020039473,False,False,False,False,False,False,False,False,True,False
7C40020039474,False,False,False,False,False,False,False,False,True,False
7C40020039479,False,False,False,False,False,False,False,False,True,False
7C40020039481,False,False,False,False,False,False,False,True,False,False
7C40020039483,False,False,False,True,True,False,False,False,False,False
7C40020039484,False,False,False,False,False,False,False,True,False,False
7C40020039485,False,False,False,False,False,True,False,False,False,False
7C40020039486,False,False,False,False,False,False,False,True,False,False
7C40020039487,False,False,False,False,False,False,True,False,False,False
7C40020039488,False,False,False,False,False,False,False,True,False,False
7C40020039491,False,True,False,False,False,False,False,True,False,False
7C40020039496,False,False,False,False,False,True,False,False,False,False
7C40020039505,False,False,False,True,False,False,False,False,False,False
7C40020039508,False,False,False,False,False,False,True,True,False,False
7C40020039509,False,False,False,False,False,False,False,True,False,False
7C40020039514,False,False,False,False,False,False,False,True,False,False
7C40020039515,False,False,False,False,False,False,False,False,False,True
7C40020039516,False,False,False,False,False,False,False,True,False,False
7C40020039518,False,False,False,False,False,False,True,False,False,False
7C40020039523,False,False,False,False,False,False,False,False,False,True
7C40020039528,False,False,False,False,False,False,False,False,False,True
7C40020039530,False,False,False,False,False,False,True,False,False,False
7C40020039531,False,False,False,False,False,False,False,False,True,False
7C40020039536,False,False,False,False,False,False,False,True,False,False
7C40020039538,False,False,False,False,False,False,False,True,False,False
7C40020039539,False,False,False,False,False,False,False,True,False,False
7C40020039548,False,False,False,False,False,False,False,False,True,False
7C40020039549,False,False,False,False,False,False,False,True,False,False
7C40020039554,False,False,False,False,False,False,False,True,False,False
7C40020039556,False,False,False,False,False,False,False,False,True,False
7C40020039558,False,False,False,False,False,False,True,False,False,False
7C40020039559,False,False,True,False,False,False,False,False,False,False
7C40020039560,False,False,False,False,False,False,False,False,True,False
7C40020039561,False,False,False,False,False,False,False,True,False,False
7C40020039563,False,False,False,False,False,False,False,False,True,False
7C40020039568,False,False,False,False,False,False,False,True,False,False
7C40020039569,False,False,False,False,False,False,False,True,False,False
7C40020039573,False,False,False,False,False,False,False,True,False,False
7C40020039577,False,False,False,True,False,False,False,False,False,False
7C40020039579,False,False,False,False,True,False,False,False,False,False
7C40020039592,False,False,False,False,False,False,False,False,True,True
7C40020039593,False,False,False,False,False,True,True,True,False,False
7C40020039602,False,False,False,False,False,False,False,True,False,False
7C40020039603,False,False,False,False,False,False,True,False,False,False
7C40020039604,False,False,False,False,False,False,False,False,False,True
7C40020039607,False,False,False,False,False,False,False,False,False,True
7C40020039609,False,False,False,False,True,False,False,False,False,False
7C40020039612,False,False,False,False,False,True,True,False,False,False
7C40020039613,False,False,False,False,False,False,True,False,False,False
7C40020039614,False,False,False,False,False,False,True,False,False,False
7C40020039615,False,False,False,False,False,False,False,False,True,False
7C40020039616,False,False,False,False,False,False,False,False,False,True
7C40020039618,False,False,False,False,False,False,False,False,False,True
7C40020039619,False,False,False,False,False,False,True,False,False,False
7C40020039620,False,False,False,False,False,False,False,True,False,False
7C40020039621,False,False,False,False,False,False,False,False,False,True
7C40020039622,False,False,False,False,False,False,False,False,True,False
7C40020039625,False,False,False,False,False,False,True,False,False,False
7C40020039627,False,False,False,False,True,False,False,False,False,False
7C40020039628,False,False,False,False,False,False,True,False,False,False
7C40020039629,False,False,False,False,False,False,False,False,False,True
7C40020039631,False,False,False,False,False,False,False,False,True,False
7C40020039632,False,False,False,False,False,False,False,False,True,False
7C40020039640,False,False,False,False,False,False,False,False,True,False
7C40020039641,False,False,False,False,False,False,False,False,True,True
7C40020039646,False,False,False,False,False,False,False,False,False,True
7C40020039648,False,False,False,False,False,False,True,False,False,False
7C40020039650,False,False,False,False,False,False,False,False,True,False
7C40020039658,False,False,False,True,True,True,False,False,False,False
7C40020039659,True,False,False,False,False,False,False,False,False,False
7C40020039672,False,False,False,False,False,False,False,True,False,False
7C40020039673,False,False,False,False,False,False,False,False,False,True
7C40020039676,False,False,False,False,False,False,False,True,False,False
7C40020039681,False,False,False,False,False,False,False,True,False,False
7C40020039688,False,False,False,False,False,False,True,False,False,False
7C40020039694,False,False,False,False,False,False,False,True,False,False
7C40020039695,False,False,False,False,False,False,False,False,False,True
7C40020039696,False,False,False,False,False,False,False,False,True,False
7C40020039699,False,False,False,False,False,False,False,False,True,False
7C40020039700,False,False,False,True,True,False,False,False,False,False
7C40020039704,False,False,False,False,False,False,True,True,True,False
7C40020039707,False,False,False,False,False,False,False,True,False,False
7C40020039708,False,False,False,False,False,False,True,False,False,False
7C40020039711,False,False,False,False,False,False,False,True,False,False
7C40020039716,False,False,False,False,False,False,False,False,True,False
7C40020039717,False,False,False,False,False,False,False,True,False,False
7C40020039721,False,False,False,True,False,False,False,False,False,False
7C40020039723,False,False,False,False,False,False,False,True,False,False
7C40020039729,False,False,False,False,False,False,False,True,False,False
7C40020039730,False,False,False,False,False,False,False,True,False,False
7C40020039731,False,False,False,False,False,False,False,True,False,False
7C40020039739,False,False,False,False,False,True,False,False,False,False
7C40020039746,False,False,False,False,False,False,False,True,False,False
7C40020039747,False,False,False,False,False,False,False,False,False,True
7C40020039755,False,False,False,False,False,False,False,False,False,True
7C40020039770,False,False,False,False,False,False,True,False,False,False
7C40020039771,False,False,False,False,False,False,False,False,False,True
7C40020039778,False,False,False,False,False,False,False,False,False,True
7C40020039779,False,False,False,False,False,False,False,True,False,False
7C40020039783,False,False,False,False,False,True,False,False,False,False
7C40020039784,False,False,False,False,False,False,False,True,False,False
7C40020039785,False,False,False,False,False,False,False,True,False,False
7C40020039791,False,False,False,False,False,False,True,False,False,False
7C40020039792,False,False,False,False,False,True,True,False,False,False
7C40020039794,False,False,False,True,False,False,False,False,False,True
7C40020039799,False,False,False,False,False,False,False,False,False,True
7C40020039803,False,False,False,False,False,False,True,False,False,False
7C40020039804,False,False,False,False,False,False,False,False,True,False
7C40020039805,False,False,False,False,False,False,False,False,True,False
7C40020039806,True,False,False,False,False,False,False,False,False,False
7C40020039808,False,False,False,False,True,True,False,False,False,True
7C40020039809,False,False,False,False,True,True,False,False,False,False
7C40020039810,False,False,False,False,False,False,True,False,False,False
7C40020039811,False,False,False,False,False,False,False,False,False,True
7C40020039812,False,False,False,False,False,True,True,False,False,False
7C40020039813,False,False,False,False,False,False,False,False,True,False
7C40020039814,False,False,False,False,False,False,False,False,False,True
7C40020039815,False,False,False,False,False,False,False,False,True,False
7C40020039816,False,False,False,False,False,False,True,False,False,False
7C40020039817,True,False,False,False,False,False,False,False,False,False
7C40020039818,False,False,True,False,False,False,False,False,False,False
7C40020039819,False,False,False,False,False,False,True,False,False,False
7C40020039822,False,False,False,False,True,False,False,False,False,False
7C40020039823,False,False,False,False,False,False,True,False,False,False
7C40020039826,False,False,False,False,False,False,False,False,False,True
7C40020039829,False,False,False,False,False,False,False,False,True,False
7C40020039833,False,False,False,False,True,False,False,False,False,False
7C40020039834,False,False,False,False,False,False,False,False,True,False
7C40020039840,False,False,False,False,False,True,False,False,False,False
7C40020039843,False,False,False,False,False,False,False,True,False,False
7C40020039844,False,False,False,False,False,False,False,True,False,False
7C40020039846,False,False,False,False,False,False,True,True,False,False
7C40020039847,False,False,False,False,False,False,False,True,False,False
7C40020039854,False,False,False,False,False,True,True,False,False,False
7C40020039861,False,False,False,False,False,False,False,True,False,False
7C40020039862,True,False,False,False,False,False,False,False,False,False
7C40020039865,False,False,False,False,False,False,False,True,False,True
7C40020039867,False,False,False,False,False,False,True,False,False,False
7C40020039868,False,False,False,False,True,False,True,False,False,False
7C40020039870,False,False,False,False,False,False,False,False,False,True
7C40020039874,False,False,False,False,False,False,False,True,False,False
7C40020039877,False,False,False,False,False,True,True,False,False,False
7C40020039882,False,False,False,False,False,False,False,True,False,False
7C40020039883,False,False,False,False,False,False,False,True,True,False
7C40020039884,False,False,False,False,False,False,False,False,False,True
7C40020039905,False,False,False,False,False,False,True,False,False,False
7C40020039909,False,False,False,False,False,False,False,True,False,True
7C40020039914,False,False,False,False,False,False,False,False,True,False
7C40020039922,False,False,False,False,False,False,False,True,True,False
7C40020039929,False,False,False,False,False,False,False,False,False,True
7C40020039938,False,False,False,False,False,False,False,False,False,True
7C40020039940,False,False,False,False,False,False,False,False,False,True
7C40020039944,False,False,False,False,False,True,False,False,False,False
7C40020039947,False,False,False,True,False,False,False,False,False,False
7C40020039948,False,False,False,False,False,False,True,False,False,False
7C40020039951,False,False,False,False,False,False,True,False,False,False
7C40020039960,False,False,False,False,True,False,False,False,False,False
7C40020039965,False,False,False,False,False,False,False,False,True,False
7C40020039966,False,False,False,False,False,False,False,False,True,False
7C40020039972,False,False,False,False,True,False,False,False,False,False
7C40020039973,False,False,False,False,False,False,False,False,True,False
7C40020039974,False,False,False,True,False,False,False,False,False,False
7C40020039977,False,False,False,False,False,False,True,False,False,False
7C40020039979,False,False,False,False,True,False,False,False,False,False
7C40020039983,False,False,False,False,False,False,True,False,False,False
7C40020039984,False,False,False,False,False,True,True,False,False,False
7C40020039985,False,False,False,False,False,True,False,False,False,False
7C40020039986,False,False,False,False,False,True,False,False,True,False
7C40020039990,False,False,False,False,False,False,False,False,True,False
7C40020039991,True,False,False,False,True,False,False,False,True,False
7C40020039997,False,False,False,False,False,False,False,False,True,False
7C40020040003,False,True,False,False,False,False,True,False,False,False
7C40020040005,False,False,False,False,False,False,False,False,False,True
7C40020040007,False,False,False,False,False,False,False,True,False,False
7C40020040010,False,False,False,False,False,False,False,False,True,False
7C40020040012,False,False,False,False,False,False,True,False,False,False
7C40020040013,False,False,False,False,False,False,False,True,False,False
7C40020040019,False,False,False,False,False,True,False,False,False,False
7C40020040020,False,False,False,False,False,False,False,False,False,True
7C40020040025,False,False,False,False,False,False,False,True,False,False
7C40020040026,True,False,False,False,False,False,False,False,False,False
7C40020040027,False,False,False,False,False,False,False,True,False,False
7C40020040028,False,False,False,False,False,False,True,False,False,False
7C40020040035,False,False,False,False,False,False,False,True,False,False
7C40020040038,False,False,False,False,False,False,False,True,False,False
7C40020040039,False,False,False,False,False,False,False,False,True,False
7C40020040041,False,False,False,False,False,False,False,True,False,False
7C40020040044,False,False,False,True,False,False,False,False,False,False
7C40020040047,False,False,False,False,False,False,False,False,False,True
7C40020040050,False,False,False,True,False,False,False,False,False,False
7C40020040052,False,True,False,False,False,False,False,False,False,False
7C40020040055,False,False,False,False,False,False,False,False,True,False
7C40020040058,False,False,False,False,False,False,True,False,False,False
7C40020040065,False,False,False,False,False,False,False,True,False,False
7C40020040066,False,False,False,False,False,False,False,False,True,False
7C40020040070,False,False,False,False,False,False,False,False,False,True
7C40020040071,False,False,False,False,False,False,False,False,False,True
7C40020040073,False,False,False,False,False,False,False,False,False,True
7C40020040074,False,False,False,False,False,False,False,True,False,False
7C40020040076,False,False,False,False,False,False,False,False,True,True
7C40020040079,False,False,False,False,False,False,False,False,True,False
7C40020040082,False,False,False,False,False,False,False,False,True,False
7C40020040086,False,False,False,False,False,False,False,True,False,False
7C40020040095,False,False,True,False,False,False,False,False,False,False
7C40020040097,False,False,False,True,False,False,False,False,False,False
7C40020040098,False,False,False,False,False,False,False,False,False,True
7C40020040100,False,False,False,False,False,False,False,False,True,False
7C40020040105,False,False,False,False,False,False,False,True,False,False
7C40020040122,False,False,False,False,False,False,False,False,True,False
7C40020040123,False,False,False,False,False,False,False,False,False,True
7C40020040130,False,False,False,False,False,False,False,False,False,True
7C40020040136,False,False,False,False,False,False,False,False,False,True
7C40020040139,False,False,False,False,False,True,False,False,True,False
7C40020040140,False,False,False,False,False,False,False,False,False,True
7C40020040142,False,False,False,False,False,False,False,False,False,True
7C40020040145,False,False,False,False,False,False,False,False,True,False
7C40020040146,False,False,False,False,False,False,False,False,False,True
7C40020040148,False,False,False,False,False,False,True,False,False,True
7C40020040149,False,False,False,True,False,True,False,False,False,False
7C40020040151,False,False,False,False,False,False,False,False,False,True
7C40020040156,False,False,False,True,False,False,False,False,False,False
7C40020040157,False,False,False,False,False,True,True,False,False,False
7C40020040159,False,False,False,False,False,False,False,False,False,True
7C40020040160,False,False,False,False,False,False,False,False,True,False
7C40020040161,False,False,False,False,False,False,False,True,True,False
7C40020040166,False,False,False,False,False,True,False,False,False,False
7C40020040167,False,False,False,False,False,False,True,False,False,False
7C40020040171,False,False,False,False,False,False,False,True,False,False
7C40020040178,False,False,False,False,False,False,False,True,False,False
7C40020040179,False,False,False,False,False,False,False,True,False,True
7C40020040180,False,False,False,False,False,False,False,False,False,True
7C40020040181,False,False,False,False,False,False,False,True,False,False
7C40020040185,False,False,False,False,False,False,False,True,False,False
7C40020040187,False,False,False,True,False,False,False,False,False,False
7C40020040188,False,False,False,False,False,False,False,True,False,False
7C40020040193,False,False,False,False,False,False,True,False,False,False
7C40020040194,False,False,False,False,False,False,False,True,False,False
7C40020040202,False,False,False,False,False,False,False,False,False,True
7C40020040207,False,False,False,False,False,False,False,True,False,False
7C40020040212,False,False,False,False,False,False,False,False,True,False
7C40020040214,False,False,False,False,False,False,False,True,False,False
7C40020040216,False,False,False,False,False,False,False,False,True,False
7C40020040218,False,False,False,False,False,False,False,False,False,True
7C40020040225,False,False,False,False,False,False,False,True,True,False
7C40020040230,False,False,False,False,False,False,False,False,False,True
7C40020040238,False,False,False,False,False,False,False,True,False,False
7C40020040241,False,False,False,False,False,False,False,True,False,False
7C40020040245,False,False,False,True,False,False,False,True,False,False
7C40020040249,False,False,False,False,False,False,False,True,False,False
7C40020040267,False,False,False,False,False,False,True,False,False,False
7C40020040271,False,False,False,False,False,False,False,True,False,False
7C40020040288,False,False,False,False,False,False,False,True,False,False
7C40020040292,False,False,False,False,False,False,False,False,True,False
7C40020040296,False,False,False,False,False,False,False,True,False,False
7C40020040302,False,False,False,False,False,True,False,False,False,False
7C40020040304,False,False,False,False,False,False,False,True,False,False
7C40020040324,False,True,False,False,False,False,False,False,True,False
7C40020040330,False,False,False,False,False,False,False,True,False,False
7C40020040334,False,False,False,False,False,False,True,False,False,False
7C40020040341,False,False,False,True,False,False,False,False,False,True
7C40020040344,False,False,False,False,False,False,True,False,False,False
7C40020040351,False,False,True,False,False,False,False,False,False,False
7C40020040352,False,False,False,False,False,False,False,False,True,False
7C40020040353,False,False,False,False,True,False,False,False,False,False
7C40020040358,False,False,False,False,False,True,True,False,False,False
7C40020040359,False,False,False,False,False,False,True,False,False,False
7C40020040360,False,False,False,False,False,False,True,False,False,False
7C40020040361,False,False,False,False,False,False,False,False,True,False
7C40020040362,False,False,False,False,False,False,False,False,False,True
7C40020040366,False,False,False,False,False,False,False,False,False,True
7C40020040372,False,False,False,False,False,False,False,False,False,True
7C40020040376,False,False,False,False,True,True,True,False,False,False
7C40020040377,False,False,False,False,False,False,False,False,False,True
7C40020040381,False,False,False,True,False,True,False,False,False,False
7C40020040382,False,False,False,False,True,False,False,False,False,False
7C40020040385,False,False,False,False,False,False,True,False,False,False
7C40020040386,False,False,False,False,False,False,True,False,False,False
7C40020040388,False,False,False,False,False,False,True,False,False,False
7C40020040393,False,False,False,False,False,False,True,False,False,False
7C40020040396,False,False,False,False,False,False,True,False,False,False
7C40020040399,False,False,False,False,False,True,False,False,False,False
7C40020040403,False,False,False,True,True,False,False,False,False,False
7C40020040404,False,False,True,False,False,False,False,False,False,False
7C40020040406,False,False,False,False,False,False,False,False,True,False
7C40020040408,False,False,False,False,False,False,False,False,True,False
7C40020040409,True,False,False,False,False,False,False,False,False,False
7C40020040413,False,False,False,False,False,False,False,False,False,True
7C40020040414,False,False,False,False,False,False,False,True,False,False
7C40020040417,False,False,False,False,False,False,False,True,False,False
7C40020040421,False,False,False,False,False,False,False,False,True,False
7C40020040422,False,False,False,False,False,False,False,False,False,True
7C40020040427,False,False,False,False,False,False,False,False,True,False
7C40020040433,False,False,False,False,False,False,False,False,True,True
7C40020040437,False,False,False,False,False,False,False,True,False,False
7C40020040441,False,False,False,False,False,False,False,True,False,False
7C40020040442,False,False,False,False,False,False,False,True,False,False
7C40020040447,False,False,False,False,False,False,False,True,False,False
7C40020040448,False,False,False,False,False,False,False,True,False,False
7C40020040454,False,False,False,False,False,False,False,False,False,True
7C40020040458,False,False,False,True,False,False,False,False,False,False
7C40020040460,False,False,False,False,False,False,False,True,False,False
7C40020040461,False,False,False,True,False,False,True,False,False,False
7C40020040463,False,False,False,False,False,False,False,True,False,False
7C40020040469,False,False,False,False,False,False,False,True,False,False
7C40020040477,False,False,False,False,False,False,False,True,False,False
7C40020040480,False,False,False,False,False,False,False,True,True,False
7C40020040481,False,False,False,True,False,False,False,False,False,False
7C40020040482,False,False,False,False,False,False,False,False,True,False
7C40020040484,False,False,False,False,False,False,False,True,False,False
7C40020040486,False,False,False,False,False,False,False,True,False,False
7C40020040488,False,False,False,False,False,False,False,False,False,True
7C40020040489,False,False,False,False,False,False,False,False,True,False
7C40020040501,False,False,False,False,False,False,False,True,False,False
7C40020040507,False,False,False,False,False,False,False,False,False,True
7C40020040508,False,False,False,False,False,False,False,False,True,False
7C40020040510,False,False,False,False,False,False,False,False,True,False
7C40020040513,False,False,False,False,False,False,False,False,True,False
7C40020040514,False,False,False,False,False,True,False,False,False,False
7C40020040522,False,False,False,False,False,False,False,False,False,True
7C40020040526,False,False,False,True,False,False,False,False,False,False
7C40020040527,False,False,False,False,False,False,False,False,True,False
7C40020040529,False,False,False,False,False,False,False,True,False,False
7C40020040532,False,False,False,False,False,False,False,False,True,False
7C40020040534,False,False,False,False,False,False,False,False,True,False
7C40020040535,False,False,False,False,False,False,False,False,True,False
7C40020040540,False,False,False,False,False,False,False,False,True,False
7C40020040546,False,False,False,False,False,False,False,False,False,True
7C40020040558,False,False,False,True,False,False,False,False,False,True
7C40020040560,True,False,False,False,False,False,False,False,False,False
7C40020040561,False,False,False,False,False,False,False,False,False,True
7C40020040565,False,False,False,True,False,False,False,False,False,False
7C40020040569,False,False,False,False,False,True,False,False,False,False
7C40020040572,False,False,False,True,False,False,False,False,False,False
7C40020040573,False,False,False,False,False,False,True,False,False,False
7C40020040575,False,False,False,False,False,False,False,False,False,True
7C40020040576,False,False,False,False,False,True,True,False,False,True
7C40020040578,False,False,False,False,False,False,True,False,False,False
7C40020040579,False,False,False,False,False,True,False,False,False,False
7C40020040582,False,False,False,False,False,True,False,False,False,False
7C40020040587,False,False,False,False,False,True,False,False,False,False
7C40020040588,False,False,False,False,False,False,False,False,True,False
7C40020040589,False,False,False,False,False,False,False,False,True,True
7C40020040590,False,False,False,False,False,False,False,False,True,False
7C40020040591,False,False,False,False,False,True,False,False,False,False
7C40020040592,False,False,False,False,True,False,False,False,False,False
7C40020040594,True,False,False,False,False,False,False,False,False,False
7C40020040595,False,False,False,False,False,False,True,False,True,False
7C40020040596,False,False,False,False,False,True,False,False,False,False
7C40020040597,False,False,False,False,False,True,True,False,False,False
7C40020040598,False,False,False,False,False,True,False,False,False,False
7C40020040600,False,False,False,False,False,False,False,False,False,True
7C40020040607,False,False,False,False,False,False,False,True,False,False
7C40020040608,False,True,False,False,False,False,False,False,False,False
7C40020040612,False,False,False,False,False,False,False,True,True,False
7C40020040614,False,True,False,False,False,False,False,False,False,False
7C40020040615,False,False,False,False,False,False,False,True,True,False
7C40020040620,False,False,False,False,False,False,False,False,False,True
7C40020040623,False,False,False,False,False,False,False,True,False,False
7C40020040624,False,False,False,False,False,False,True,False,False,False
7C40020040625,False,False,False,False,False,False,False,True,False,False
7C40020040626,False,False,False,False,False,False,False,True,False,False
7C40020040627,False,False,False,False,False,False,False,True,False,False
7C40020040629,False,False,False,False,False,False,False,True,False,False
7C40020040630,False,False,False,False,False,False,False,False,False,True
7C40020040632,False,False,False,False,False,False,False,False,False,True
7C40020040636,False,False,False,False,False,False,False,False,False,True
7C40020040649,False,False,False,False,False,False,False,True,False,False
7C40020040653,False,False,False,False,False,False,False,True,False,False
7C40020040659,False,False,False,False,False,False,False,False,True,False
7C40020040661,False,False,False,False,False,False,False,False,False,True
7C40020040662,False,False,False,False,False,False,False,False,False,True
7C40020040665,False,False,False,False,True,False,False,False,False,False
7C40020040666,False,False,False,False,True,False,False,False,False,False
7C40020040667,False,False,False,False,True,False,False,True,False,False
7C40020040668,False,False,False,False,False,False,False,False,True,False
7C40020040670,False,False,False,False,False,False,False,True,False,False
7C40020040671,False,False,False,False,False,False,False,True,False,False
7C40020040672,False,False,False,False,False,False,True,False,False,False
7C40020040676,False,False,False,False,False,False,False,True,False,False
7C40020040678,False,False,False,False,False,False,False,True,False,False
7C40020040681,False,False,False,False,False,False,False,True,True,False
7C40020040687,False,False,False,False,False,False,False,True,False,False
7C40020040699,False,False,False,False,False,False,False,False,False,True
7C40020040703,False,False,False,False,False,False,False,True,False,False
7C40020040707,False,False,False,False,False,False,True,False,False,False
7C40020040712,False,False,False,False,False,False,False,False,False,True
7C40020040713,False,False,False,False,False,False,False,True,False,False
7C40020040714,False,False,False,False,False,False,False,True,False,False
7C40020040716,False,False,False,False,False,False,False,False,False,True
7C40020040725,False,False,False,False,False,False,False,False,True,True
7C40020040726,False,False,False,False,False,False,False,False,True,False
7C40020040731,False,False,False,True,False,False,False,False,False,False
7C40020040733,False,False,False,False,False,False,False,False,False,True
7C40020040743,False,False,False,False,False,False,False,True,False,False
7C40020040746,False,False,False,True,False,False,False,False,False,False
7C40020040749,False,False,False,False,True,False,False,False,False,False
7C40020040751,False,False,False,False,False,False,False,False,False,True
7C40020040753,False,False,False,False,False,True,False,False,False,False
7C40020040755,False,False,False,False,False,False,False,False,False,True
7C40020040757,False,False,False,False,False,False,False,False,False,True
7C40020040760,False,False,False,False,False,False,False,False,True,False
7C40020040768,False,False,False,True,False,False,False,False,False,False
7C40020040773,False,False,False,False,False,False,True,False,False,False
7C40020040775,False,False,False,False,False,False,True,False,False,False
7C40020040780,False,False,False,False,False,True,True,False,False,False
7C40020040781,False,False,False,False,False,False,True,False,False,False
7C40020040783,False,False,False,False,False,True,False,False,False,False
7C40020040790,False,False,False,False,False,False,False,False,True,False
7C40020040796,False,False,False,False,False,False,True,False,False,False
7C40020040799,False,False,False,False,False,False,False,True,False,False
7C40020040801,False,False,False,False,False,False,False,False,True,False
7C40020040802,False,False,False,False,False,False,True,False,False,False
7C40020040806,False,False,False,False,False,False,True,False,False,False
7C40020040809,False,False,False,False,False,False,False,True,False,False
7C40020040811,False,False,False,False,False,False,False,False,True,False
7C40020040816,False,False,False,False,False,False,False,True,False,False
7C40020040817,False,False,False,False,False,False,False,False,False,True
7C40020040821,False,False,False,False,False,False,False,False,False,True
7C40020040824,False,False,False,False,False,False,True,False,False,False
7C40020040828,False,False,False,False,False,False,False,False,False,True
7C40020040830,False,False,False,False,False,False,False,True,False,False
7C40020040837,False,False,False,False,False,True,False,False,False,False
7C40020040840,False,False,False,False,False,False,False,True,False,False
7C40020040841,False,False,False,False,False,False,True,True,True,False
7C40020040842,False,False,False,False,False,False,False,False,False,True
7C40020040845,False,False,False,False,False,False,False,False,False,True
7C40020040851,False,False,False,False,False,False,False,False,False,True
7C40020040852,False,False,False,False,False,False,False,False,False,True
7C40020040857,False,False,False,False,False,False,False,True,False,False
7C40020040858,False,False,False,False,False,False,False,True,False,False
7C40020040860,False,False,False,False,False,False,False,True,False,False
7C40020040863,False,False,False,False,False,False,False,True,False,False
7C40020040868,False,False,False,False,False,False,False,True,False,False
7C40020040872,False,False,False,False,False,False,True,False,False,False
7C40020040875,False,False,False,False,False,False,False,True,False,False
7C40020040880,False,False,False,False,False,False,False,True,False,False
7C40020040889,False,False,False,False,False,False,False,True,False,False
7C40020040895,False,False,False,False,False,False,False,False,True,False
7C40020040900,False,False,False,False,False,False,False,True,False,False
7C40020040901,False,False,False,False,False,False,False,False,True,False
7C40020040902,False,False,False,False,False,False,False,True,False,False
7C40020040908,False,False,False,False,True,False,False,False,False,False
7C40020040909,False,False,False,False,False,False,False,False,False,True
7C40020040912,False,False,False,False,False,False,False,True,True,False
7C40020040915,False,False,False,False,False,False,False,True,False,False
7C40020040919,True,False,False,False,False,False,False,False,False,False
7C40020040921,False,False,False,False,False,False,False,True,False,False
7C40020040922,False,False,False,False,False,False,False,True,False,False
7C40020040924,False,False,False,False,False,False,False,False,False,True
7C40020040928,False,False,False,False,False,False,False,True,False,False
7C40020040929,False,False,False,False,False,False,False,True,False,False
7C40020040936,False,False,False,False,False,False,False,False,True,False
7C40020040938,False,False,False,False,False,False,False,False,False,True
7C40020040939,False,False,False,False,False,True,True,False,False,False
7C40020040951,False,False,False,False,False,False,False,False,False,True
7C40020040958,False,False,False,False,False,False,True,False,True,False
7C40020040959,False,False,False,False,False,False,False,False,False,True
7C40020040961,False,False,False,False,False,False,False,False,False,True
7C40020040962,False,False,False,False,False,False,False,False,False,True
7C40020040963,False,False,False,False,False,False,False,False,True,False
7C40020040964,False,False,False,False,False,False,False,False,False,True
7C40020040966,False,False,False,False,False,True,False,False,False,False
7C40020040968,False,False,False,False,False,False,False,False,True,False
7C40020040969,False,False,False,False,False,False,False,False,True,False
7C40020040973,False,False,False,False,False,True,False,False,False,False
7C40020040976,False,False,False,False,False,False,False,False,True,False
7C40020040978,False,False,False,False,True,False,False,False,False,False
7C40020040981,False,False,False,False,False,False,False,False,True,False
7C40020040986,False,False,False,False,False,True,False,False,False,False
7C40020040989,False,False,False,False,False,True,True,False,False,False
7C40020040990,False,False,False,False,False,True,True,False,False,False
7C40020040991,False,False,False,False,False,False,True,False,False,False
7C40020040993,False,False,False,False,False,False,True,False,False,False
7C40020040994,False,False,False,False,True,False,False,False,False,False
7C40020040996,False,False,False,False,False,False,False,False,False,True
7C40020041000,False,False,False,False,False,False,False,False,True,False
7C40020041003,False,False,False,False,False,False,False,True,False,False
7C40020041007,False,False,False,False,False,False,True,False,False,False
7C40020041009,False,False,False,False,False,False,False,True,False,False
7C40020041017,True,False,False,False,False,True,False,False,False,False
7C40020041020,False,False,False,False,False,False,False,False,True,False
7C40020041023,False,False,False,False,False,False,False,False,False,True
7C40020041027,False,False,False,False,False,False,False,True,False,False
7C40020041035,True,False,False,False,False,False,False,False,False,False
7C40020041036,False,False,False,False,False,False,False,True,False,False
7C40020041038,False,False,False,False,False,False,False,True,True,False
7C40020041039,False,False,False,False,False,False,False,True,False,False
7C40020041042,False,False,False,False,False,False,False,False,True,False
7C40020041050,False,False,False,False,False,False,False,True,False,False
7C40020041052,False,False,False,False,False,False,True,True,False,False
7C40020041053,False,False,False,False,False,False,False,True,False,False
7C40020041054,False,False,False,False,False,False,False,True,False,False
7C40020041055,False,False,True,False,False,False,False,False,False,False
7C40020041059,False,False,False,False,False,False,False,False,True,False
7C40020041065,False,False,False,False,False,False,False,False,True,False
7C40020041069,False,False,False,False,False,False,False,True,False,False
7C40020041071,False,True,False,False,False,False,False,False,False,True
7C40020041073,False,False,False,False,False,False,False,True,False,True
7C40020041075,False,False,False,False,False,False,False,True,False,False
7C40020041076,False,False,False,False,False,False,False,True,False,False
7C40020041081,False,False,False,False,False,False,False,True,False,False
7C40020041082,False,False,False,False,False,False,True,False,True,False
7C40020041088,False,False,False,False,False,False,False,True,False,False
7C40020041098,False,False,False,False,False,False,False,False,False,True
7C40020041102,False,False,False,False,False,False,False,False,False,True
7C40020041105,False,False,False,False,False,False,False,False,True,False
7C40020041114,False,False,False,False,False,False,False,False,False,True
7C40020041121,False,False,False,False,False,False,False,False,False,True
7C40020041125,False,False,False,True,False,False,False,False,False,False
7C40020041135,False,False,False,False,True,False,False,False,False,False
7C40020041136,False,False,False,False,False,False,False,False,False,True
7C40020041137,False,False,False,False,False,True,True,False,False,False
7C40020041138,False,False,False,False,False,False,True,False,True,False
7C40020041139,False,False,False,False,False,False,False,False,True,True
7C40020041140,False,False,False,False,False,False,False,False,True,True
7C40020041145,False,False,False,False,False,True,False,False,False,False
7C40020041147,False,False,False,False,False,False,True,False,True,False
7C40020041150,False,False,False,True,False,False,True,False,False,False
7C40020041151,False,False,False,False,False,False,True,False,True,False
7C40020041154,False,False,False,False,False,False,False,False,True,False
7C40020041155,False,False,False,False,False,False,True,False,False,False
7C40020041165,False,False,False,False,True,False,False,False,False,False
7C40020041172,False,False,False,False,False,False,False,False,True,False
7C40020041174,True,False,False,False,False,False,False,False,False,True
7C40020041176,False,True,False,False,False,False,False,False,False,False
7C40020041179,False,False,False,False,False,False,False,False,True,False
7C40020041180,False,False,False,False,False,False,False,False,True,False
7C40020041183,False,False,False,False,False,False,True,False,False,False
7C40020041184,False,False,False,False,False,False,False,True,False,False
7C40020041190,False,False,False,False,False,False,False,True,False,False
7C40020041193,False,False,False,False,False,True,False,False,False,False
7C40020041195,False,False,False,False,False,False,False,False,False,True
7C40020041199,False,False,False,False,False,False,True,False,False,False
7C40020041200,False,False,False,False,False,False,False,False,True,False
7C40020041206,False,False,False,False,False,False,False,True,False,False
7C40020041212,False,False,False,False,False,False,True,False,True,False
7C40020041215,False,False,False,False,False,False,False,False,False,True
7C40020041217,False,False,False,False,False,False,False,False,False,True
7C40020041221,True,False,False,False,False,False,False,True,False,False
7C40020041223,False,False,False,False,False,False,False,True,False,False
7C40020041224,False,False,False,False,False,False,False,True,False,False
7C40020041226,False,False,False,False,False,False,False,True,False,True
7C40020041227,True,False,False,True,False,False,False,True,False,False
7C40020041232,False,False,False,False,False,False,True,True,False,False
7C40020041233,False,False,False,False,False,False,True,False,False,False
7C40020041239,False,False,False,False,False,False,True,False,False,False
7C40020041240,False,False,False,False,False,True,True,False,False,False
7C40020041242,False,False,False,False,False,False,False,True,False,False
7C40020041244,False,False,False,False,False,False,False,False,False,True
7C40020041245,False,False,False,False,False,False,False,False,False,True
7C40020041247,False,False,False,False,True,False,False,False,False,False
7C40020041249,False,False,False,False,False,False,False,True,False,False
7C40020041251,False,False,False,True,True,False,True,False,False,False
7C40020041252,False,False,False,False,False,False,False,False,True,False
7C40020041259,False,False,False,False,False,False,False,False,False,True
7C40020041261,False,False,False,False,False,False,False,False,False,True
7C40020041262,False,False,False,False,False,False,False,False,True,False
7C40020041268,False,False,False,False,False,False,False,False,False,True
7C40020041271,False,False,False,False,False,False,False,True,False,False
7C40020041272,False,False,False,False,False,False,False,False,True,False
7C40020041273,False,False,False,False,False,False,False,False,False,True
7C40020041275,False,False,False,False,False,True,True,False,False,False
7C40020041279,False,False,False,False,False,False,True,False,False,False
7C40020041285,False,False,False,False,False,False,False,True,False,True
7C40020041287,False,False,False,False,False,False,False,False,True,False
7C40020041289,False,False,False,False,False,False,True,False,False,False
7C40020041293,False,False,False,False,False,False,False,False,True,False
7C40020041300,False,False,False,False,False,False,False,False,True,False
7C40020041301,False,False,False,False,False,False,False,True,False,False
7C40020041302,False,False,False,False,False,False,True,False,False,False
7C40020041303,False,False,False,False,False,False,True,False,False,False
7C40020041306,True,False,False,False,False,True,True,False,False,False
7C40020041314,False,False,False,False,False,False,False,False,False,True
7C40020041319,False,False,False,False,False,False,False,False,False,True
7C40020041320,False,False,False,False,False,False,False,False,False,True
7C40020041321,False,False,False,False,False,False,True,False,False,False
7C40020041322,False,False,False,True,False,False,False,False,False,False
7C40020041323,False,False,False,False,False,True,False,False,True,False
7C40020041326,False,False,False,False,False,True,False,False,False,False
7C40020041330,False,False,False,False,False,False,False,False,True,False
7C40020041335,False,False,False,False,False,False,False,True,False,False
7C40020041338,False,False,False,False,False,True,False,False,True,False
7C40020041340,False,False,False,False,False,False,False,False,True,False
7C40020041351,False,False,False,False,False,False,False,True,False,False
7C40020041353,False,False,False,False,False,False,False,True,False,False
7C40020041355,False,False,False,False,False,False,False,True,False,False
7C40020041359,False,False,False,False,False,False,False,False,True,False
7C40020041362,False,False,False,False,False,False,False,True,False,False
7C40020041363,False,False,False,False,False,False,False,False,True,False
7C40020041365,False,False,False,False,False,False,False,True,False,False
7C40020041370,False,False,False,False,False,False,True,False,False,False
7C40020041371,False,False,False,False,False,False,False,True,False,False
7C40020041375,False,False,False,False,False,True,False,False,False,False
7C40020041376,False,False,False,False,False,False,False,True,True,False
7C40020041377,False,False,False,False,False,False,False,True,False,False
7C40020041378,False,False,False,False,False,False,False,False,False,True
7C40020041381,False,False,False,False,False,False,False,True,False,False
7C40020041388,False,False,False,False,False,False,True,True,False,False
7C40020041389,False,False,False,True,False,False,False,False,False,False
7C40020041390,False,False,False,False,False,False,False,True,False,False
7C40020041391,False,False,False,False,False,False,False,True,False,False
7C40020041394,False,False,False,False,False,False,False,False,True,False
7C40020041395,False,False,False,False,False,False,False,True,False,False
7C40020041397,False,False,False,False,False,False,True,False,False,False
7C40020041398,False,False,False,False,False,False,True,False,False,False
7C40020041401,False,False,False,False,False,False,False,False,True,False
7C40020041402,False,False,False,False,False,False,False,True,False,False
7C40020041408,False,False,False,False,False,False,False,False,False,True
7C40020041409,False,False,False,False,False,True,True,False,False,False
7C40020041413,False,False,False,False,False,False,False,False,True,False
7C40020041418,False,False,False,False,False,False,False,False,False,True
7C40020041425,False,False,False,False,False,False,False,True,False,False
7C40020041426,False,False,False,False,False,False,False,True,False,False
7C40020041427,False,False,False,False,False,False,False,True,False,False
7C40020041429,True,False,False,False,False,False,False,False,False,False
7C40020041432,False,False,False,False,False,False,False,True,False,False
7C40020041436,False,False,False,False,False,False,False,False,True,False
7C40020041443,False,False,False,False,False,False,False,False,True,False
7C40020041453,False,False,False,False,False,False,False,True,True,True
7C40020041455,False,False,False,False,False,False,True,False,False,False
7C40020041456,False,False,False,False,False,True,False,False,False,False
7C40020041458,False,False,False,False,False,False,False,False,True,False
7C40020041461,True,False,False,False,False,False,False,False,False,False
7C40020041463,False,False,False,True,False,False,False,False,False,False
7C40020041465,False,False,False,False,False,False,False,False,True,False
7C40020041466,False,False,False,False,False,False,False,True,False,False
7C40020041470,False,False,False,False,False,False,False,False,False,True
7C40020041475,False,False,False,False,True,False,False,False,False,True
7C40020041477,False,False,False,False,False,False,False,True,False,False
7C40020041478,False,False,False,False,False,False,True,False,False,False
7C40020041481,False,False,False,False,False,True,False,False,False,True
7C40020041483,False,False,False,True,False,False,False,False,False,False
7C40020041485,False,False,False,False,False,False,True,False,False,False
7C40020041487,False,False,False,False,False,False,False,False,False,True
7C40020041489,False,False,False,False,False,False,False,False,True,False
7C40020041491,False,False,False,False,False,False,False,False,True,False
7C40020041499,False,False,False,True,False,True,False,False,False,False
7C40020041506,False,False,False,False,False,False,False,False,True,False
7C40020041511,False,False,False,False,False,True,True,False,False,False
7C40020041515,False,False,False,False,False,False,False,False,False,True
7C40020041516,False,False,False,False,False,False,False,False,False,True
7C40020041517,False,False,False,False,False,True,False,False,False,False
7C40020041519,False,False,False,True,True,False,False,False,True,True
7C40020041521,False,False,False,False,False,False,False,False,False,True
7C40020041522,False,False,False,False,False,False,True,False,False,False
7C40020041526,False,True,False,False,False,False,False,False,False,False
7C40020041528,False,False,False,False,False,False,False,False,False,True
7C40020041529,False,False,False,False,False,False,False,False,True,False
7C40020041532,False,False,False,False,False,False,False,False,True,False
7C40020041533,False,False,False,False,False,False,False,True,False,False
7C40020041534,False,False,False,False,False,False,False,True,False,False
7C40020041536,False,False,False,False,False,False,False,True,False,False
7C40020041537,False,False,False,False,False,False,False,True,False,False
7C40020041539,False,False,False,False,False,False,True,False,False,False
7C40020041543,False,False,False,False,False,False,False,True,False,False
7C40020041545,False,False,False,False,False,False,False,False,False,True
7C40020041553,False,False,False,True,False,False,True,True,False,False
7C40020041555,False,False,False,False,False,False,False,True,False,False
7C40020041561,False,False,True,False,False,False,False,False,False,False
7C40020041562,False,False,False,False,False,False,False,True,False,True
7C40020041563,False,False,False,False,False,False,False,True,False,False
7C40020041565,False,False,False,False,False,False,False,True,False,False
7C40020041566,False,False,False,False,False,False,False,True,False,False
7C40020041576,False,False,False,False,False,False,False,True,False,False
7C40020041587,False,False,False,False,False,False,False,True,False,False
7C40020041589,False,False,False,False,False,False,False,True,False,False
7C40020041592,False,False,False,False,False,False,True,False,False,False
7C40020041600,False,False,False,False,False,False,False,True,False,False
7C40020041602,False,False,False,False,False,False,False,False,True,False
7C40020041604,True,False,False,False,False,False,False,False,False,False
7C40020041605,False,False,False,False,False,False,False,False,True,False
7C40020041606,False,False,False,False,True,False,False,True,False,True
7C40020041611,True,False,False,False,False,False,False,False,False,False
7C40020041618,False,False,False,False,False,False,False,True,False,False
7C40020041638,False,False,False,False,False,False,False,True,False,False
7C40020041640,False,False,False,False,False,False,False,False,True,False
7C40020041641,False,False,False,False,False,False,False,False,False,True
7C40020041643,False,False,False,False,False,False,False,True,False,False
7C40020041644,False,False,False,False,False,False,False,False,False,True
7C40020041645,False,False,False,False,False,False,False,True,False,False
7C40020041650,False,False,False,False,False,False,False,False,True,False
7C40020041651,False,False,False,False,False,False,False,True,False,False
7C40020041653,False,False,False,False,False,False,True,True,False,False
7C40020041656,False,False,False,False,False,False,True,False,False,False
7C40020041658,False,False,False,False,False,False,True,False,False,False
7C40020041662,False,False,False,False,False,False,False,False,True,False
7C40020041665,False,False,False,False,False,False,False,True,False,False
7C40020041667,False,False,False,False,False,False,False,False,True,False
7C40020041672,False,False,False,False,False,False,False,False,False,True
7C40020041681,False,False,False,False,False,False,True,True,False,True
7C40020041685,False,False,False,False,False,False,False,False,True,False
7C40020041687,False,False,False,False,False,False,False,False,False,True
7C40020041688,False,False,False,False,True,False,False,False,False,False
7C40020041692,False,False,False,False,False,True,False,False,False,False
7C40020041693,False,False,False,False,False,False,True,False,False,False
7C40020041696,False,False,False,False,False,False,False,False,False,True
7C40020041697,False,False,False,False,False,False,False,False,True,True
7C40020041698,False,False,False,False,False,False,False,False,True,False
7C40020041702,False,False,False,False,False,True,False,False,False,False
7C40020041704,False,False,False,False,False,False,True,False,False,True
7C40020041705,False,False,False,False,False,False,False,False,False,True
7C40020041710,False,False,False,False,False,True,False,False,True,False
7C40020041711,False,False,False,False,False,False,True,False,False,False
7C40020041712,False,False,False,False,True,False,False,False,False,True
7C40020041719,False,False,False,False,False,False,False,False,True,False
7C40020041721,False,False,False,False,False,False,False,False,True,False
7C40020041723,False,False,False,False,False,True,False,False,False,False
7C40020041724,False,False,False,False,False,True,True,False,False,False
7C40020041725,False,False,False,False,False,True,False,False,False,False
7C40020041726,False,False,False,False,False,False,False,False,True,False
7C40020041728,False,False,False,False,False,False,True,False,False,False
7C40020041729,False,False,False,False,False,False,True,False,False,False
7C40020041730,False,False,True,False,False,False,False,False,False,False
7C40020041736,False,False,False,False,False,False,False,False,False,True
7C40020041739,False,False,False,False,False,False,False,True,False,False
7C40020041743,False,False,False,False,False,False,False,False,False,True
7C40020041744,False,False,False,False,False,False,False,True,False,False
7C40020041749,False,False,False,False,False,False,False,True,False,False
7C40020041750,False,False,False,False,False,False,False,False,False,True
7C40020041752,False,False,False,False,False,False,False,True,True,False
7C40020041754,False,False,False,False,False,False,False,True,False,False
7C40020041758,False,False,False,False,False,False,False,False,False,True
7C40020041760,False,False,False,False,False,False,False,True,False,True
7C40020041761,False,False,False,False,False,False,True,False,False,False
7C40020041762,False,False,False,False,False,False,False,True,False,False
7C40020041765,False,False,False,False,False,False,False,True,False,False
7C40020041767,False,False,False,False,False,False,False,True,False,False
7C40020041768,False,False,False,False,False,False,False,False,True,False
7C40020041769,False,False,False,False,False,False,False,True,False,False
7C40020041770,False,False,False,False,False,False,True,False,False,False
7C40020041771,False,False,False,False,False,False,False,True,False,False
7C40020041772,False,False,False,False,False,False,True,True,False,False
7C40020041773,False,False,False,False,False,False,False,True,False,False
7C40020041776,False,False,False,False,False,False,False,True,False,False
7C40020041777,False,False,False,False,False,False,False,False,True,False
7C40020041781,False,False,False,False,False,True,False,False,False,False
7C40020041784,False,False,False,False,False,False,False,False,False,True
7C40020041786,False,False,False,True,False,False,False,False,False,False
7C40020041792,False,False,False,False,False,False,True,False,False,False
7C40020041793,False,False,False,False,False,False,False,False,True,False
7C40020041796,False,False,False,False,False,False,True,False,False,False
7C40020041801,False,False,False,False,False,False,False,False,False,True
7C40020041807,False,False,False,False,False,False,False,True,False,False
7C40020041816,False,True,False,False,False,False,False,False,False,False
7C40020041819,False,False,False,False,False,False,False,False,True,False
7C40020041833,False,False,False,False,False,False,False,True,False,False
7C40020041835,False,False,False,False,False,False,False,False,False,True
7C40020041837,False,False,False,False,False,False,False,False,False,True
7C40020041842,False,False,False,False,False,False,False,True,False,False
7C40020041843,False,False,False,False,False,False,False,False,True,False
7C40020041850,False,False,False,False,False,False,False,False,True,False
7C40020041856,False,False,False,False,False,False,False,False,False,True
7C40020041859,False,False,False,False,False,True,True,True,True,False
7C40020041860,False,False,False,False,False,False,True,False,False,False
7C40020041862,False,False,False,False,False,False,False,False,True,False
7C40020041870,False,False,False,False,False,False,False,False,True,False
7C40020041872,False,False,False,False,False,False,False,False,False,True
7C40020041878,False,False,False,False,False,False,False,True,False,False
7C40020041881,False,False,False,False,False,False,False,False,True,False
7C40020041886,False,False,False,False,False,False,False,False,False,True
7C40020041894,False,False,False,False,False,False,False,False,False,True
7C40020041895,False,False,False,False,False,False,False,False,True,False
7C40020041896,False,False,False,False,False,True,False,False,False,True
7C40020041897,False,False,False,False,False,False,False,False,False,True
7C40020041899,False,False,False,False,False,False,False,False,False,True
7C40020041903,False,False,False,False,False,False,False,False,False,True
7C40020041905,False,False,False,False,False,False,False,False,True,False
7C40020041906,False,False,False,False,False,False,False,False,False,True
7C40020041908,False,False,False,False,False,False,False,False,True,False
7C40020041909,False,False,False,False,False,False,True,False,False,False
7C40020041911,False,False,False,False,False,False,True,False,False,False
7C40020041916,False,False,False,False,False,False,True,False,False,False
7C40020041917,False,False,False,False,False,False,True,False,False,False
7C40020041921,False,False,False,False,False,False,True,False,False,False
7C40020041926,False,False,False,False,False,False,True,False,False,False
7C40020041927,False,True,False,False,False,False,False,False,False,False
7C40020041931,False,False,False,False,False,False,False,True,False,False
7C40020041933,False,True,False,False,False,False,False,False,False,False
7C40020041935,False,False,False,False,False,False,False,False,False,True
7C40020041937,False,False,False,False,False,False,False,True,False,False
7C40020041939,False,False,False,False,False,False,False,True,False,True
7C40020041943,True,False,False,False,False,False,False,False,True,False
7C40020041944,False,False,False,False,True,False,True,False,False,True
7C40020041951,False,False,False,False,False,False,False,True,False,False
7C40020041953,False,False,False,False,False,False,False,True,False,False
7C40020041955,False,False,False,False,False,False,False,True,False,False
7C40020041958,False,False,False,False,False,False,False,True,False,False
7C40020041959,False,False,False,False,False,False,True,False,False,False
7C40020041961,False,False,False,False,False,False,False,True,False,False
7C40020041962,False,False,False,False,False,False,False,True,False,False
7C40020041965,False,False,False,False,False,False,False,True,False,False
7C40020041969,False,False,False,True,False,False,False,True,False,False
7C40020041971,False,False,False,False,False,False,False,True,True,False
7C40020041972,False,True,False,False,False,False,False,False,False,False
7C40020041977,False,False,False,False,False,False,False,True,False,False
7C40020041980,False,False,False,False,False,False,False,False,False,True
7C40020041981,False,False,False,False,False,False,False,True,False,False
7C40020041984,False,False,False,False,False,False,False,False,False,True
7C40020041985,False,False,False,False,False,False,False,False,False,True
7C40020041986,False,False,False,False,False,False,False,False,True,False
7C40020041990,False,False,False,False,False,False,False,True,False,False
7C40020041997,False,False,False,False,True,False,False,False,False,False
7C40020041999,False,False,False,False,False,False,False,False,False,True
7C40020042001,False,False,False,False,False,False,False,True,False,False
7C40020042002,False,False,False,False,False,False,False,True,False,False
7C40020042005,False,False,False,False,False,False,True,False,False,False
7C40020042006,False,False,False,False,False,False,False,False,False,True
7C40020042007,False,False,False,False,False,False,False,False,True,False
7C40020042010,False,False,False,False,False,False,True,False,False,False
7C40020042011,False,False,False,False,False,False,True,True,False,False
7C40020042013,False,False,False,False,False,False,False,True,False,False
7C40020042016,False,False,False,False,False,False,True,False,False,False
7C40020042018,False,False,False,False,False,False,False,True,False,False
7C40020042019,False,False,False,True,False,False,False,False,False,False
7C40020042022,False,False,False,False,False,False,False,True,True,False
7C40020042024,False,False,False,False,False,False,False,True,False,False
7C40020042025,False,False,True,False,False,False,False,False,False,False
7C40020042027,False,False,False,False,False,False,False,False,False,True
7C40020042032,False,False,False,False,False,False,False,False,True,False
7C40020042033,False,False,False,False,False,False,False,True,False,False
7C40020042040,False,False,False,False,False,False,False,True,False,False
7C40020042058,False,False,False,False,False,False,False,False,False,True
7C40020042061,False,False,True,False,False,False,False,False,False,False
7C40020042066,False,False,False,False,False,False,False,True,False,False
7C40020042068,False,True,False,False,False,False,False,False,True,False
7C40020042069,True,False,False,False,False,False,True,False,False,False
7C40020042074,False,False,False,False,False,True,False,False,False,False
7C40020042075,False,False,False,True,False,False,False,False,False,False
7C40020042082,False,False,False,False,False,False,False,False,False,True
7C40020042083,False,False,False,False,False,False,False,False,True,False
7C40020042084,False,False,False,False,False,False,True,False,False,False
7C40020042085,False,False,False,False,False,False,True,False,False,False
7C40020042086,False,False,False,False,False,False,False,True,False,False
7C40020042087,False,False,False,False,False,False,False,False,True,True
7C40020042088,False,False,False,True,False,True,False,False,False,False
7C40020042089,False,False,False,False,False,False,True,False,False,False
7C40020042090,False,False,False,False,False,False,False,False,False,True
7C40020042092,False,False,False,False,False,False,False,False,False,True
7C40020042093,False,False,False,False,False,False,True,False,False,True
7C40020042096,False,False,False,False,False,False,True,False,False,False
7C40020042097,False,False,False,False,False,False,False,False,False,True
7C40020042098,False,False,False,False,False,False,True,False,False,True
7C40020042100,False,False,False,False,False,False,False,True,False,False
7C40020042101,False,False,False,False,False,False,True,False,False,False
7C40020042103,False,False,False,False,False,True,True,False,False,False
7C40020042105,False,False,False,False,False,False,False,False,False,True
7C40020042109,False,False,False,False,False,False,False,False,True,False
7C40020042110,False,False,False,False,False,False,True,False,True,False
7C40020042112,False,False,False,False,False,False,False,True,True,False
7C40020042114,False,False,False,False,False,False,False,False,True,False
7C40020042115,False,False,False,True,False,False,False,False,False,False
7C40020042116,False,False,False,False,False,False,True,False,False,False
7C40020042117,False,False,False,False,False,False,False,False,True,False
7C50020028386,False,False,False,True,False,False,False,False,False,False
7C50020028387,False,False,False,False,False,True,False,False,False,False
7C50020028392,False,False,False,True,False,False,False,False,False,False
7C50020028408,True,False,False,False,False,False,False,False,False,False
7C50020028412,False,False,False,True,False,False,False,False,False,False
7C50020028418,False,False,False,False,False,False,True,False,False,False
7C50020028421,True,False,True,False,True,False,False,False,False,False
7C50020028424,False,False,False,False,True,False,False,False,False,False
7C50020028425,False,False,False,False,True,False,False,False,False,False
7C50020028426,False,False,False,False,True,False,False,False,False,False
7C50020028427,False,True,False,True,False,False,False,False,False,False
7C50020028429,False,False,False,True,False,False,False,False,False,False
7C50020028436,True,False,False,False,False,False,True,False,False,False
7C50020028441,False,False,False,True,False,False,False,False,False,False
7C50020028444,False,False,False,False,False,False,True,False,False,False
7C50020028446,False,False,False,True,False,False,True,False,False,False
7C50020028447,False,False,False,False,False,True,False,False,False,False
7C50020028448,False,False,False,False,True,False,False,False,False,False
7C50020028451,False,False,False,False,False,False,True,False,False,False
7C50020028457,False,False,False,False,False,False,True,False,False,False
7C50020028459,False,True,False,False,False,False,False,False,False,False
7C50020028474,False,False,False,False,True,False,False,False,False,False
7C50020028475,False,False,False,True,False,False,True,False,False,False
7C50020028476,True,False,False,True,False,False,False,False,False,False
7C50020028477,False,False,False,False,False,True,True,False,False,False
7C50020028479,False,False,False,False,False,True,False,False,False,False
7C50020028484,False,False,False,False,False,True,True,False,False,False
7C50020028487,False,False,False,True,False,False,False,False,False,False
7C50020028495,False,False,False,True,False,False,False,False,False,False
7C50020028499,True,False,False,False,False,False,False,False,False,False
7C50020028500,False,False,False,True,False,False,False,False,False,False
7C50020028501,False,False,False,False,True,False,False,False,False,False
7C50020028503,False,False,False,True,False,False,False,False,False,False
7C50020028506,False,False,False,True,False,False,False,False,False,False
7C50020028508,False,False,False,False,False,False,True,False,False,False
7C50020028516,False,False,False,False,False,True,False,False,False,False
7C50020028517,False,False,False,False,False,False,True,False,False,False
7C50020028518,False,False,False,False,False,False,True,False,False,False
7C50020028519,False,False,False,False,False,False,True,False,False,False
7C50020028521,False,False,False,False,False,False,True,False,False,False
7C50020028522,False,False,False,False,True,True,False,False,False,False
7C50020028524,False,False,False,True,True,False,False,False,False,False
7C50020028525,False,False,False,False,False,False,True,False,False,False
7C50020028534,False,True,False,False,False,False,False,False,False,False
7C50020028536,False,False,False,True,False,False,False,False,False,False
7C50020028538,False,True,False,False,False,False,False,False,False,False
7C50020028544,False,False,False,False,False,False,True,False,False,False
7C50020028546,False,False,False,True,False,False,False,False,False,False
7C50020028550,False,False,False,True,False,False,False,False,False,False
7C50020028562,True,False,False,False,False,False,True,False,False,False
7C50020028563,False,False,False,True,False,False,False,False,False,False
7C50020028577,False,False,False,False,True,False,False,False,False,False
7C50020028586,False,False,False,False,False,True,True,False,False,False
7C50020028587,True,False,True,False,False,True,False,False,False,False
7C50020028599,False,False,False,True,False,False,False,False,False,False
7C50020028601,False,False,False,True,False,False,False,False,False,False
7C50020028604,False,False,False,True,True,False,False,False,False,False
7C50020028608,False,False,False,False,False,False,True,False,False,False
7C50020028610,False,False,False,False,True,False,False,False,False,False
7C50020028612,False,False,False,True,False,False,False,False,False,False
7C50020028614,False,False,False,True,False,False,False,False,False,False
7C50020028615,False,False,False,False,True,False,False,False,False,False
7C50020028621,False,False,False,False,True,False,False,False,False,False
7C50020028626,False,False,True,False,False,False,False,False,False,False
7C50020028628,False,False,False,True,False,False,False,False,False,False
7C50020028630,False,False,False,False,False,False,True,False,False,False
7C50020028632,False,False,False,False,False,False,True,False,False,False
7C50020028634,False,False,False,True,False,False,False,False,False,False
7C50020028637,False,True,False,False,True,False,False,False,False,False
7C50020028638,True,False,False,False,False,False,False,False,False,False
7C50020028640,False,False,False,False,True,False,True,False,False,False
7C50020028642,False,False,False,False,False,False,False,False,True,False
7C50020028644,False,False,True,False,False,False,False,False,False,False
7C50020028647,False,False,True,False,False,False,False,False,False,False
7C50020028648,False,False,False,True,False,False,False,False,False,False
7C50020028649,False,False,True,True,False,False,False,False,False,False
7C50020028657,False,False,False,True,False,False,False,False,False,False
7C50020028659,False,False,True,False,False,False,False,False,False,False
7C50020028663,False,False,False,False,False,False,True,False,False,False
7C50020028667,True,False,False,False,False,False,False,False,False,False
7C50020028668,False,True,False,False,False,False,False,False,False,False
7C50020028673,False,False,False,False,False,False,True,False,False,False
7C50020028675,False,False,False,False,True,False,False,False,False,False
7C50020028679,False,False,True,False,False,False,False,False,False,False
7C50020028682,False,False,False,False,False,False,True,False,False,False
7C50020028683,False,False,True,False,False,False,False,False,False,False
7C50020028687,False,False,False,False,True,False,False,False,False,False
7C50020028699,False,False,False,False,False,False,True,False,False,False
7C50020028700,False,False,False,False,False,False,True,False,False,False
7C50020028701,False,False,True,False,False,False,False,False,False,False
7C50020028702,False,False,False,False,False,False,True,False,False,False
7C50020028705,False,False,False,False,True,False,False,False,False,False
7C50020028707,False,True,False,False,False,False,False,False,False,False
7C50020028708,False,False,False,False,False,False,True,False,False,False
7C50020028713,False,False,True,True,False,False,False,False,False,False
7C50020028714,False,False,False,False,False,False,True,False,False,False
7C50020028715,False,False,True,False,False,False,False,False,False,False
7C50020028718,False,False,False,False,False,False,True,False,False,False
7C50020028720,False,False,False,False,False,False,True,False,False,False
7C50020028722,False,False,False,True,False,False,False,False,False,False
7C50020028724,False,True,False,False,False,False,False,False,False,False
7C50020028725,False,False,True,False,False,False,False,False,False,False
7C50020028726,False,False,False,False,False,False,True,False,False,False
7C50020028728,False,False,True,False,False,False,False,False,False,False
7C50020028729,False,False,False,False,False,False,True,False,False,False
7C50020028731,False,False,False,False,True,False,False,False,False,False
7C50020028732,False,False,False,False,False,False,True,False,False,False
7C50020028735,False,False,False,False,True,False,False,False,False,False
7C50020028736,True,False,False,False,False,True,False,False,False,False
7C50020028737,False,False,False,False,True,False,False,False,False,False
7C50020028738,False,False,False,False,True,False,True,False,False,False
7C50020028739,False,False,False,False,False,False,True,False,False,False
7C50020028741,False,False,False,False,False,False,True,False,False,False
7C50020028742,False,False,False,True,False,False,False,False,False,False
7C50020028745,False,True,False,False,False,False,False,False,False,False
7C50020028746,True,False,False,False,False,False,False,False,False,False
7C50020028747,False,False,False,True,False,False,False,False,False,False
7C50020028752,False,False,False,True,False,False,False,False,False,False
7C50020028756,False,False,False,False,False,True,True,False,False,False
7C50020028758,False,False,False,False,False,False,True,False,False,False
7C50020028770,True,False,False,False,False,False,False,False,False,False
7C50020028773,False,False,False,True,False,False,False,False,False,False
7C50020028795,False,False,True,False,False,False,False,False,False,False
7C50020028801,False,False,False,False,False,False,True,False,False,False
7C50020028804,False,False,False,True,False,False,False,False,False,False
7C50020028813,True,False,False,False,False,False,False,False,False,False
7C50020028814,True,False,False,False,False,False,True,False,False,False
7C50020028817,False,False,False,False,False,False,False,False,True,False
7C50020028819,False,False,False,False,False,False,True,False,False,False
7C50020028829,False,False,False,True,False,False,False,False,False,False
7C50020028832,True,False,False,True,True,False,False,False,False,False
7C50020028839,False,False,False,False,True,False,False,False,False,False
7C50020028840,False,False,False,True,False,False,False,False,False,False
7C50020028844,False,False,False,True,False,False,False,False,False,False
7C50020028845,False,False,True,False,False,False,False,False,False,False
7C50020028849,False,False,False,True,False,False,False,False,False,False
7C50020028852,False,False,False,True,False,False,False,False,False,False
7C50020028854,False,False,True,False,False,False,False,False,False,False
7C50020028859,False,True,False,False,False,False,False,False,False,False
7C50020028860,False,False,False,False,False,True,False,False,False,False
7C50020028861,False,False,False,False,False,False,True,False,False,False
7C50020028867,False,False,False,False,False,False,True,False,False,False
7C50020028868,True,False,False,False,False,False,False,False,False,False
7C50020028869,False,False,False,False,True,False,False,False,False,False
7C50020028873,False,False,True,False,False,False,False,False,False,False
7C50020028875,False,False,False,True,False,False,False,False,False,False
7C50020028878,False,False,False,False,False,True,False,False,False,False
7C50020028879,False,False,False,False,False,False,True,False,False,False
7C50020028880,False,False,False,False,False,False,True,False,False,False
7C50020028881,False,False,False,False,False,False,True,False,False,False
7C50020028882,False,False,False,False,True,False,True,False,False,False
7C50020028883,True,False,False,False,False,False,True,False,False,False
7C50020028884,False,False,False,False,False,False,True,False,False,False
7C50020028885,False,False,False,False,False,False,True,False,False,False
7C50020028887,False,False,False,False,False,True,False,False,False,False
7C50020028888,False,True,False,False,True,False,False,False,False,False
7C50020028890,True,False,False,True,False,True,False,False,False,False
7C50020028891,False,False,False,False,True,False,False,False,False,False
7C50020028892,False,False,False,False,False,False,True,False,False,False
7C50020028893,False,False,False,False,False,True,False,False,False,False
7C50020028896,True,False,False,False,False,False,False,False,False,False
7C50020028898,False,False,False,False,False,False,True,False,False,False
7C50020028899,False,False,False,False,False,False,True,False,False,False
7C50020028904,False,False,False,False,False,False,True,False,False,False
7C50020028906,False,False,False,True,False,False,False,False,False,False
7C50020028907,False,False,False,False,False,False,True,False,False,False
7C50020028909,False,False,False,False,False,False,True,False,False,False
7C50020028923,False,False,True,True,False,False,False,False,False,False
7C50020028928,False,True,False,False,False,False,False,False,False,False
7C50020028929,False,True,False,False,False,False,False,False,False,False
7C50020028930,False,False,False,False,False,True,False,False,False,False
7C50020028931,False,False,True,False,False,False,False,False,False,False
7C50020028938,False,False,True,False,False,False,False,False,False,False
7C50020028939,True,True,False,False,False,False,False,False,False,False
7C50020028944,False,False,False,True,False,False,False,False,False,False
7C50020028947,False,False,False,False,False,False,True,False,False,False
7C50020028951,True,False,False,False,False,False,False,False,False,False
7C50020028952,False,False,False,False,False,False,True,False,False,False
7C50020028953,False,False,False,True,False,False,False,False,False,False
7C50020028957,True,True,False,False,False,False,False,False,False,False
7C50020028959,False,False,False,False,False,True,False,False,False,False
7C50020028960,False,False,True,False,False,False,False,False,False,False
7C50020028961,False,False,False,False,False,False,True,False,False,False
7C50020028966,False,False,False,True,False,False,False,False,False,False
7C50020028972,False,False,False,False,False,False,True,False,False,False
7C50020028975,False,False,False,False,True,False,False,False,False,False
7C50020028991,True,False,False,True,False,False,False,False,False,False
7C50020028993,False,False,False,False,False,True,False,False,False,False
7C50020028995,False,False,False,False,False,False,True,False,False,False
7C50020028996,True,False,False,False,True,False,False,False,False,False
7C50020029001,False,True,False,False,False,False,False,False,False,False
7C50020029011,False,False,False,False,False,False,True,False,False,False
7C50020029012,False,False,False,True,False,False,False,False,False,False
7C50020029016,False,False,False,False,False,True,True,False,False,False
7C50020029023,False,False,False,True,False,False,False,False,False,False
7C50020029024,True,False,False,False,False,False,False,False,False,False
7C50020029026,False,False,False,False,True,False,False,False,False,False
7C50020029028,False,True,False,False,False,False,False,False,False,False
7C50020029030,False,False,False,True,False,False,False,False,False,False
7C50020029031,False,False,False,True,False,False,False,False,False,False
7C50020029032,False,False,False,False,False,False,True,False,False,False
7C50020029034,False,False,False,True,False,False,False,False,False,False
7C50020029035,False,True,False,False,True,False,False,False,False,False
7C50020029043,False,True,False,True,False,False,True,False,False,False
7C50020029046,False,False,False,False,False,True,False,False,False,False
7C50020029052,False,False,True,False,False,False,False,False,False,False
7C50020029056,False,False,False,False,False,True,False,False,False,False
7C50020029064,True,False,False,False,False,False,False,False,False,False
7C50020029065,False,False,False,False,False,False,True,False,False,False
7C50020029068,False,False,False,False,False,True,False,False,False,False
7C50020029069,False,False,False,False,False,False,True,False,False,False
7C50020029070,False,False,False,False,False,False,True,False,False,False
7C50020029072,False,False,False,True,False,False,False,False,False,False
7C50020029073,False,False,False,False,True,False,False,False,False,False
7C50020029075,False,False,False,False,False,False,True,False,False,False
7C50020029079,False,False,False,False,False,False,True,False,False,False
7C50020029081,False,False,False,False,False,False,True,False,False,False
7C50020029082,False,False,False,False,False,False,True,False,False,False
7C50020029083,False,False,True,False,False,True,False,False,False,False
7C50020029084,False,False,False,False,False,False,True,False,False,False
7C50020029085,False,True,False,False,False,False,False,False,False,False
7C50020029086,False,True,False,False,False,False,False,False,False,False
7C50020029093,False,False,True,True,False,False,False,False,False,False
7C50020029094,False,False,False,False,False,False,True,False,False,False
7C50020029095,False,False,True,False,False,False,False,False,False,False
7C50020029106,False,False,False,False,False,False,False,False,True,False
7C50020029109,False,False,True,False,False,False,False,False,False,False
7C50020029112,False,False,False,False,False,False,True,False,False,False
7C50020029116,False,False,False,True,False,False,False,False,False,False
7C50020029122,False,False,False,True,True,False,False,False,False,False
7C50020029124,False,False,True,False,False,False,False,False,False,False
7C50020029127,False,False,False,True,False,False,False,False,False,False
7C50020029129,False,False,False,True,False,False,False,False,False,False
7C50020029135,False,False,False,False,False,True,False,False,False,False
7C50020029139,False,False,False,False,True,False,False,False,False,False
7C50020029141,False,False,True,False,False,False,False,False,False,False
7C50020029147,False,False,False,True,False,False,False,False,False,False
7C50020029150,False,False,True,False,False,False,False,False,False,False
7C50020029155,False,False,False,False,True,False,False,False,False,False
7C50020029156,True,False,False,False,False,False,False,False,False,False
7C50020029167,True,False,False,False,False,False,False,False,False,False
7C50020029174,False,False,False,True,False,False,False,False,False,False
7C50020029178,True,False,False,False,True,False,False,False,False,False
7C50020029179,False,False,False,False,False,False,True,False,False,False
7C50020029180,False,False,False,True,True,False,False,False,False,False
7C50020029181,False,False,False,False,True,False,False,False,False,False
7C50020029186,False,False,False,False,False,False,True,False,False,False
7C50020029188,False,False,False,False,False,True,True,False,False,False
7C50020029194,False,False,True,True,False,False,False,False,False,False
7C50020029198,False,False,False,False,False,False,True,False,False,False
7C50020029207,True,False,False,False,True,False,False,False,False,False
7C50020029208,False,False,True,False,False,False,False,False,False,False
7C50020029212,True,False,False,False,False,False,False,False,False,False
7C50020029215,False,False,False,False,False,False,True,False,False,False
7C50020029224,False,False,False,False,False,False,False,False,False,True
7C50020029229,False,False,False,True,False,False,False,False,False,False
7C50020029230,False,False,True,False,False,False,False,False,False,False
7C50020029231,False,False,False,True,False,False,False,False,False,False
7C50020029238,False,False,False,True,False,False,False,False,False,False
7C50020029242,False,False,True,False,False,False,False,False,False,False
7C50020029245,False,False,False,True,False,False,False,False,False,False
7C50020029246,False,False,True,True,False,False,False,False,False,False
7C50020029253,False,True,False,True,False,False,True,False,False,False
7C50020029254,False,False,False,False,False,False,True,False,False,False
7C50020029255,False,False,False,False,False,False,True,False,False,False
7C50020029256,False,False,False,False,False,True,False,False,False,False
7C50020029257,False,False,False,False,False,True,False,False,False,False
7C50020029262,False,False,False,False,False,True,True,False,False,False
7C50020029263,False,False,False,False,False,False,True,False,False,False
7C50020029266,False,False,False,False,False,False,True,False,False,False
7C50020029269,False,True,False,False,False,False,False,False,False,False
7C50020029271,False,False,False,True,False,False,False,False,False,False
7C50020029272,False,False,False,True,False,False,False,False,False,False
7C50020029278,False,False,False,False,False,False,True,False,False,False
7C50020029279,False,False,False,False,False,False,True,False,False,False
7C50020029281,False,False,True,True,False,False,False,False,False,False
7C50020029299,True,False,False,False,False,False,False,False,False,False
7C50020029300,True,False,False,False,False,False,False,False,False,False
7C50020029302,True,False,False,False,False,False,False,False,False,False
7C50020029303,True,False,False,False,False,False,False,False,False,False
7C50020029307,False,False,False,False,False,False,True,False,False,False
7C50020029312,False,False,False,False,True,False,False,False,False,False
7C50020029313,False,False,False,False,False,False,True,False,False,False
7C50020029317,True,False,False,False,False,False,False,False,False,False
7C50020029321,False,False,False,True,False,False,False,False,False,False
7C50020029322,False,False,False,True,False,False,False,False,False,False
7C50020029323,False,False,True,False,False,False,False,False,False,False
7C50020029324,False,False,False,True,False,False,False,False,False,False
7C50020029329,False,False,False,False,True,False,False,False,False,False
7C50020029334,False,True,False,False,False,False,True,False,False,False
7C50020029338,False,False,False,False,False,False,True,False,False,False
7C50020029346,False,False,False,True,False,False,False,False,False,False
7C50020029349,False,False,False,False,False,False,True,False,False,False
7C50020029353,False,False,False,True,False,False,False,False,False,False
7C50020029355,False,False,False,False,False,True,False,False,False,False
7C50020029360,False,False,False,False,True,True,False,False,False,False
7C50020029361,False,False,False,False,False,False,True,False,False,False
7C50020029363,True,False,False,False,False,False,False,False,False,False
7C50020029364,False,False,True,False,False,False,False,False,False,False
7C50020029367,False,False,False,False,False,False,True,False,False,False
7C50020029369,False,False,False,True,False,False,False,False,False,False
7C50020029377,False,False,True,False,False,False,False,False,False,False
7C50020029380,False,False,False,False,False,False,True,False,False,False
7C50020029383,False,False,False,False,True,False,False,False,False,False
7C50020029388,False,False,False,True,False,False,False,False,False,False
7C50020029389,False,False,False,True,False,True,False,False,False,False
7C50020029393,False,True,False,False,False,False,False,False,False,False
7C50020029397,False,False,False,True,False,False,False,False,False,False
7C50020029401,True,False,False,False,False,False,False,False,False,False
7C50020029405,False,False,False,False,False,False,True,False,False,False
7C50020029410,False,False,False,True,False,False,False,False,False,False
7C50020029412,False,False,False,True,False,False,False,False,False,False
7C50020029413,False,False,True,False,False,False,False,False,False,False
7C50020029415,False,False,False,False,False,False,True,False,False,False
7C50020029416,False,False,True,True,False,False,False,False,False,False
7C50020029420,False,False,False,True,False,False,False,False,False,False
7C50020029421,False,True,False,False,False,False,False,False,False,False
7C50020029423,False,False,False,True,False,False,True,False,False,False
7C50020029437,False,False,False,True,False,False,False,False,False,False
7C50020029446,False,False,False,True,False,False,False,False,False,False
7C50020029450,False,False,False,False,True,False,False,False,False,False
7C50020029452,True,True,False,False,False,False,False,False,False,False
7C50020029454,True,False,False,False,False,False,False,False,False,False
7C50020029461,False,False,False,False,False,True,True,False,False,False
7C50020029462,False,False,False,False,True,False,True,False,False,False
7C50020029469,False,False,False,False,False,False,True,False,False,False
7C50020029471,False,False,False,True,False,False,False,False,False,False
7C50020029478,False,False,False,False,False,False,True,False,False,False
7C50020029479,False,False,False,False,False,True,False,False,False,False
7C50020029484,False,False,False,False,False,False,True,False,False,False
7C50020029485,False,False,False,True,False,False,False,False,False,False
7C50020029491,False,False,False,True,False,False,False,False,False,False
7C50020029493,True,False,False,False,False,False,True,False,False,False
7C50020029497,False,False,False,True,False,False,False,False,False,False
7C50020029498,False,False,False,True,False,False,False,False,False,False
7C50020029499,False,False,False,False,True,False,False,False,False,False
7C50020029501,False,False,False,False,False,True,False,False,False,False
7C50020029509,True,False,False,False,False,False,True,False,False,False
7C50020029514,False,False,False,False,False,False,True,False,False,False
7C50020029515,False,False,False,False,False,False,True,False,False,False
7C50020029519,False,False,False,True,False,False,False,False,False,False
7C50020029521,True,False,False,False,False,False,False,False,False,False
7C50020029522,True,False,False,False,False,False,False,False,False,False
7C50020029524,False,False,False,False,False,False,True,False,False,False
7C50020029542,False,False,True,False,False,False,False,False,False,False
7C50020029549,False,False,False,False,False,False,True,False,False,False
7C50020029551,False,False,False,True,False,False,False,False,False,False
7C50020029559,False,False,True,False,False,False,False,False,False,False
7C50020029560,False,False,False,False,False,False,True,False,False,False
7C50020029561,False,False,True,False,False,False,False,False,False,False
7C50020029563,False,False,False,False,False,False,True,False,False,False
7C50020029565,False,False,False,False,True,False,False,False,False,False
7C50020029566,False,False,False,True,False,False,False,False,False,False
7C50020029573,False,False,False,True,False,False,False,False,False,False
7C50020029574,False,False,False,True,False,False,False,False,False,False
7C50020029575,False,False,False,False,False,False,True,False,False,False
7C50020029578,False,False,False,False,False,False,True,False,False,False
7C50020029580,False,False,False,True,True,False,False,False,False,False
7C50020029582,False,False,False,True,False,False,False,False,False,False
7C50020029587,False,False,False,True,False,False,False,False,False,False
7C50020029588,False,False,False,False,True,False,False,False,False,False
7C50020029593,True,False,False,False,False,False,False,False,False,False
7C50020029596,False,True,False,False,False,False,False,False,False,False
7C50020029598,False,False,False,False,False,False,True,False,False,False
7C50020029604,True,False,False,False,False,False,False,False,False,False
7C50020029611,True,True,False,False,False,False,False,False,False,False
7C50020029612,False,True,False,False,False,False,False,False,False,False
7C50020029616,False,False,False,False,False,False,True,False,False,False
7C50020029620,False,False,True,False,False,False,False,False,False,False
7C50020029623,False,False,False,False,False,False,True,False,False,False
7C50020029626,True,False,False,False,False,False,False,False,False,False
7C50020029629,False,False,False,True,False,False,False,False,False,False
7C50020029634,False,False,False,False,False,False,True,False,False,False
7C50020029639,False,False,False,False,True,False,False,False,False,False
7C50020029641,False,False,False,True,False,False,False,False,False,False
7C50020029642,False,False,False,False,False,False,True,False,False,False
7C50020029643,False,False,False,True,False,False,False,False,False,False
7C50020029656,False,False,False,True,False,False,True,False,False,False
7C50020029663,False,True,False,False,False,False,False,False,False,False
7C50020029665,False,False,False,False,False,False,True,False,False,False
7C50020029681,False,False,False,True,False,False,False,False,False,False
7C50020029682,False,False,False,False,True,False,False,False,False,False
7C50020029687,False,False,False,False,True,False,False,False,False,False
7C50020029691,False,False,True,False,False,False,False,False,False,False
7C50020029692,False,False,False,False,False,False,True,False,False,False
7C50020029696,False,False,False,False,False,False,True,False,False,False
7C50020029697,False,False,False,False,False,False,True,False,False,False
7C50020029704,False,False,False,False,False,False,True,False,False,False
7C50020029709,False,False,False,False,False,False,True,False,False,False
7C50020029710,False,False,True,False,False,False,False,False,False,False
7C50020029713,False,False,True,False,False,False,False,False,False,False
7C50020029716,False,False,False,True,False,False,False,False,False,False
7C50020029718,False,False,False,True,False,False,False,False,False,False
7C50020029722,False,False,False,False,False,False,True,False,False,False
7C50020029725,False,False,False,False,False,False,True,False,False,False
7C50020029726,False,False,True,False,False,False,False,False,False,False
7C50020029728,False,False,False,True,False,False,False,False,False,False
7C50020029730,False,True,False,False,False,False,False,False,False,False
7C50020029746,False,False,False,False,False,True,False,False,False,False
7C50020029751,False,False,False,True,False,False,False,False,False,False
7C50020029752,False,False,False,False,False,False,True,False,False,False
7C50020029758,True,False,False,False,False,False,True,False,False,False
7C50020029765,False,False,True,False,False,False,False,False,False,False
7C50020029767,False,False,False,False,False,False,True,False,False,False
7C50020029768,False,False,False,False,False,True,True,False,False,False
7C50020029769,False,False,False,False,False,False,True,False,False,False
7C50020029770,False,False,False,False,False,True,False,False,False,False
7C50020029774,False,False,False,False,False,True,True,False,False,False
7C50020029776,False,False,False,False,False,False,True,False,False,False
7C50020029777,False,True,False,False,False,False,False,False,False,False
7C50020029779,False,False,False,True,False,False,True,False,False,False
7C50020029780,False,False,True,False,False,False,False,False,False,False
7C50020029787,True,False,False,False,False,False,False,False,False,False
7C50020029789,True,True,False,False,False,False,False,False,False,False
7C50020029790,False,False,False,True,False,False,False,False,False,False
7C50020029792,False,False,True,False,False,False,False,False,False,False
7C50020029797,False,False,True,False,False,False,False,False,False,False
7C50020029808,False,False,False,False,False,False,True,False,False,False
7C50020029812,False,True,False,False,False,False,False,False,False,False
7C50020029814,False,True,False,False,False,False,False,False,False,False
7C50020029815,True,False,False,False,False,False,False,False,False,False
7C50020029820,False,False,False,False,True,False,False,False,False,False
7C50020029827,False,False,False,False,False,True,True,False,False,False
7C50020029829,False,False,False,False,False,False,True,False,False,False
7C50020029830,False,False,False,False,False,False,True,False,False,False
7C50020029831,False,False,False,False,False,True,False,False,False,False
7C50020029835,False,False,False,False,True,False,False,False,False,False
7C50020029845,False,False,False,False,False,False,True,False,False,False
7C50020029848,False,False,False,False,False,False,True,False,False,False
7C50020029849,False,False,False,True,False,False,False,False,False,False
7C50020029850,False,False,True,False,False,False,False,False,False,False
7C50020029858,False,False,True,False,False,False,False,False,False,False
7C50020029859,False,False,False,False,False,True,False,False,False,False
7C50020029861,False,False,False,False,True,False,True,False,False,False
7C50020029871,False,False,False,False,False,False,False,False,False,True
7C50020029878,False,False,False,True,False,False,False,False,False,False
7C50020029880,False,False,False,True,True,False,False,False,False,False
7C50020029885,False,False,False,True,False,False,False,False,False,False
7C50020029898,True,False,False,False,False,False,False,False,False,False
7C50020029910,False,False,False,False,False,False,True,False,False,False
7C50020029911,False,False,True,False,False,False,False,False,False,False
7C50020029912,True,False,False,False,False,False,False,False,False,False
7C50020029914,False,False,False,False,True,False,False,False,False,False
7C50020029918,False,False,False,True,False,False,False,False,False,False
7C50020029924,False,False,True,False,False,False,False,False,False,False
7C50020029936,True,False,False,False,False,False,True,False,False,False
7C50020029938,False,True,False,True,False,False,False,False,False,False
7C50020029939,False,False,False,True,False,False,False,False,False,False
7C50020029941,False,False,False,True,False,False,False,False,False,False
7C50020029944,True,False,False,False,False,False,True,False,False,False
7C50020029957,False,False,False,True,True,False,False,False,False,False
7C50020029958,False,False,False,False,False,True,True,False,False,False
7C50020029962,False,False,True,True,False,False,False,False,False,False
7C50020029965,False,False,True,False,False,False,False,False,False,False
7C50020029972,False,False,False,False,True,False,False,False,False,False
7C50020029975,False,False,False,True,False,False,False,False,False,False
7C50020029976,False,False,False,True,False,False,False,False,False,False
7C50020029983,False,False,False,False,False,False,True,False,True,False
7C50020029986,False,False,False,False,True,False,False,False,False,False
7C50020029991,False,False,False,False,False,False,True,False,False,False
7C50020029994,False,False,True,False,False,False,False,False,False,False
7C50020029995,False,True,False,True,False,False,False,False,False,False
7C50020029996,False,False,False,False,True,False,True,False,False,False
7C50020030001,False,False,True,False,False,False,False,False,False,False
7C50020030014,False,False,False,True,False,False,False,False,False,False
7C50020030015,False,False,False,False,False,False,True,False,False,False
7C50020030017,False,False,False,False,False,False,True,False,False,False
7C50020030019,False,False,False,False,False,True,False,False,False,True
7C50020030020,True,False,False,False,False,False,False,False,False,False
7C50020030022,False,False,False,False,False,False,True,False,False,False
7C50020030024,True,False,False,False,False,False,True,False,False,False
7C50020030026,False,False,False,False,False,True,True,False,False,False
7C50020030027,False,False,False,False,True,False,False,False,False,False
7C50020030029,False,False,False,False,False,False,True,False,False,False
7C50020030034,False,False,False,False,False,False,True,False,False,False
7C50020030036,False,False,False,False,True,False,False,False,False,False
7C50020030037,True,False,False,False,False,False,True,False,False,False
7C50020030038,False,False,False,False,True,False,False,False,False,False
7C50020030039,False,False,False,False,True,False,False,False,False,False
7C50020030040,False,False,False,False,False,False,True,False,False,False
7C50020030042,False,False,False,False,False,True,False,False,False,False
7C50020030043,False,False,False,False,False,False,True,False,False,False
7C50020030044,False,False,False,False,False,False,True,False,False,False
7C50020030050,False,False,False,False,False,False,True,False,False,False
7C50020030051,True,False,False,False,False,False,False,False,False,False
7C50020030052,False,False,False,True,False,False,False,False,False,False
7C50020030059,True,False,False,False,False,False,False,False,False,False
7C50020030062,False,False,False,True,False,False,False,False,False,False
7C50020030063,False,False,False,True,False,False,False,False,False,False
7C50020030064,True,False,False,False,False,False,True,False,False,False
7C50020030067,True,False,False,False,False,False,False,False,False,False
7C50020030068,False,False,False,True,False,False,False,False,False,False
7C50020030076,False,False,False,False,True,False,False,False,False,False
7C50020030078,False,False,False,True,False,False,False,False,False,False
7C50020030082,False,False,False,False,False,False,True,False,False,False
7C50020030083,False,False,False,False,True,False,False,False,False,False
7C50020030087,False,False,False,True,False,False,False,False,False,False
7C50020030093,False,False,False,True,False,False,False,False,False,False
7C50020030097,False,False,False,True,False,False,False,False,False,False
7C50020030099,False,True,False,False,False,False,False,False,False,False
7C50020030100,False,False,False,True,False,False,False,False,False,False
7C50020030108,False,False,False,False,False,False,True,False,False,False
7C50020030109,False,False,False,True,False,False,False,False,False,False
7C50020030113,True,False,False,False,False,False,False,False,False,False
7C50020030118,True,False,False,False,False,False,False,False,False,False
7C50020030124,False,False,False,True,False,False,False,False,False,False
7C50020030130,False,False,False,False,False,False,True,False,False,False
7C50020030136,False,False,False,True,False,False,False,False,False,False
7C50020030137,True,False,False,False,False,False,False,False,False,False
7C50020030141,True,False,False,False,False,False,False,False,False,False
7C50020030145,False,False,False,False,True,False,False,False,False,False
7C50020030146,False,False,False,False,False,False,True,False,False,False
7C50020030148,False,False,False,True,False,False,False,False,False,False
7C50020030149,False,True,False,False,False,False,False,False,False,False
7C50020030152,True,False,False,False,False,False,False,False,False,False
7C50020030153,True,False,False,False,False,False,False,False,False,False
7C50020030154,False,False,False,True,False,False,False,False,False,False
7C50020030155,False,False,False,False,False,False,True,False,False,False
7C50020030160,False,True,False,False,False,False,False,False,False,False
7C50020030161,False,False,False,True,False,False,False,False,False,False
7C50020030162,False,False,False,False,True,False,False,False,False,False
7C50020030163,False,False,False,False,False,False,True,False,False,False
7C50020030164,False,False,False,True,False,False,False,False,False,False
7C50020030166,False,False,False,False,False,False,True,False,False,False
7C50020030168,False,False,False,False,False,False,True,False,False,False
7C50020030170,False,False,False,False,True,False,False,False,False,False
7C50020030171,False,False,False,False,False,False,True,False,False,False
7C50020030174,False,False,False,False,False,False,True,False,False,False
7C50020030177,False,False,False,True,False,False,False,False,False,False
7C50020030179,False,False,False,True,True,False,False,False,False,False
7C50020030182,False,False,False,False,False,False,True,False,False,False
7C50020030183,False,False,False,False,False,False,True,False,False,False
7C50020030185,False,False,False,False,False,True,True,False,False,False
7C50020030186,False,False,False,False,False,True,True,False,False,False
7C50020030192,False,False,False,True,False,False,False,False,False,False
7C50020030193,False,False,False,False,False,False,True,False,False,False
7C50020030196,False,False,False,False,False,False,True,False,False,False
7C50020030197,False,False,False,False,False,False,True,False,False,False
7C50020030202,False,False,False,False,False,False,True,False,False,False
7C50020030206,False,False,False,True,False,False,False,False,False,False
7C50020030211,True,False,False,False,False,False,False,False,False,False
7C50020030212,False,False,True,True,False,False,False,False,False,False
7C50020030216,False,False,False,True,False,False,False,True,False,False
7C50020030222,False,False,True,False,False,False,False,False,False,False
7C50020030228,False,False,True,False,False,False,False,False,False,False
7C50020030234,False,False,False,True,False,False,False,False,False,False
7C50020030238,False,False,False,True,False,False,True,False,False,False
7C50020030242,False,False,False,False,False,True,True,False,False,False
7C50020030249,False,False,False,False,False,False,False,False,False,True
7C50020030255,True,False,False,False,False,False,False,False,False,False
7C50020030260,False,False,False,True,True,False,False,False,False,False
7C50020030261,False,False,False,True,True,False,False,False,False,False
7C50020030262,False,False,True,False,False,False,False,False,False,False
7C50020030264,False,False,False,False,False,False,True,False,False,False
7C50020030266,False,False,False,True,False,False,False,False,False,False
7C50020030270,False,False,False,False,False,False,True,False,False,False
7C50020030271,False,False,False,False,False,True,True,False,False,False
7C50020030272,False,False,False,False,False,False,True,False,False,False
7C50020030274,False,False,False,False,False,False,True,False,False,False
7C50020030276,False,False,False,False,False,False,True,False,False,False
7C50020030279,False,False,False,False,False,False,True,False,False,False
7C50020030280,False,False,False,False,False,False,True,False,False,False
7C50020030287,False,False,False,False,False,False,True,False,False,False
7C50020030299,False,False,False,True,False,False,False,False,False,False
7C50020030300,False,False,False,True,False,False,False,False,False,False
7C50020030304,False,False,False,False,False,False,True,False,False,False
7C50020030307,False,False,True,False,False,False,False,False,False,False
7C50020030308,True,False,False,False,False,False,False,False,False,False
7C50020030309,False,False,False,False,True,False,False,False,False,False
7C50020030310,False,False,False,False,True,False,False,False,False,False
7C50020030311,False,True,False,False,False,False,False,False,False,False
7C50020030312,False,False,False,False,False,False,True,False,False,False
7C50020030313,False,False,False,False,False,False,True,False,False,True
7C50020030314,False,False,True,False,False,False,False,False,False,False
7C50020030316,False,False,False,True,False,False,False,False,False,False
7C50020030317,False,False,False,True,False,False,True,False,False,False
7C50020030322,False,True,False,False,False,False,False,False,False,False
7C50020030327,False,False,True,False,False,False,False,False,False,False
7C50020030330,False,False,True,True,False,False,False,False,False,False
7C50020030336,False,False,False,False,False,False,True,False,False,False
7C50020030338,False,False,True,False,False,False,False,False,False,False
7C50020030344,False,False,False,False,False,False,True,False,False,False
7C50020030349,False,False,False,True,False,False,False,False,False,False
7C50020030357,True,False,False,False,False,False,True,False,False,False
7C50020030358,False,False,False,False,False,False,True,False,False,False
7C50020030365,False,False,False,True,False,False,False,False,False,False
7C50020030366,False,False,False,True,False,False,False,False,False,False
7C50020030368,False,True,False,False,False,False,False,False,False,False
7C50020030372,False,False,False,True,False,False,False,False,False,False
7C50020030376,False,True,False,False,False,False,False,False,False,False
7C50020030380,True,False,False,False,False,False,False,False,False,False
7C50020030383,False,False,False,False,False,True,False,False,False,False
7C50020030384,True,True,False,False,False,False,False,False,False,False
7C50020030385,False,False,False,False,False,False,True,False,False,False
7C50020030397,False,False,True,True,False,False,False,False,False,False
7C50020030398,False,False,False,False,False,False,True,False,False,False
7C50020030401,False,False,False,False,False,False,True,False,False,False
7C50020030402,False,False,False,False,True,False,False,False,False,False
7C50020030404,False,False,False,True,False,False,False,False,False,False
7C50020030407,False,False,False,False,False,False,True,False,False,False
7C50020030409,True,False,False,False,False,False,False,False,False,False
7C50020030413,True,False,False,False,False,True,True,False,False,False
7C50020030420,False,False,False,False,False,False,True,False,False,False
7C50020030424,False,False,False,False,False,True,True,False,False,False
7C50020030433,False,False,False,True,True,False,False,False,False,False
7C50020030440,False,False,False,False,False,False,True,False,False,False
7C50020030442,False,False,False,False,True,False,False,False,False,False
7C50020030451,False,False,False,True,False,False,False,False,False,False
7C50020030453,True,False,False,False,False,False,False,False,False,False
7C50020030458,True,False,False,False,False,False,False,False,False,False
7C50020030459,False,False,False,True,False,False,False,False,False,False
7C50020030472,False,False,True,True,False,False,False,False,False,False
7C50020030473,False,False,False,True,False,True,True,False,False,False
7C50020030474,False,False,False,True,False,False,False,False,False,False
7C50020030480,False,False,False,True,False,False,False,False,False,False
7C50020030488,False,False,True,False,False,False,False,False,False,False
7C50020030489,False,False,False,True,False,False,False,False,False,False
7C50020030491,True,False,False,False,False,False,False,False,False,False
7C50020030492,False,False,False,False,False,False,True,False,False,False
7C50020030498,False,False,True,False,False,False,False,False,False,False
7C50020030505,False,False,True,False,False,False,False,False,False,False
7C50020030506,False,False,False,False,False,False,True,False,False,False
7C50020030510,False,False,False,True,False,False,False,False,False,False
7C50020030513,False,False,False,False,False,True,False,False,False,False
7C50020030521,False,False,False,True,False,False,False,False,False,False
7C50020030527,False,False,True,False,False,False,False,False,False,False
7C50020030535,False,True,False,False,False,False,False,False,False,False
7C50020030547,False,False,False,True,False,False,False,False,False,False
7C50020030548,False,False,False,False,False,False,True,False,False,False
7C50020030550,False,False,False,True,False,False,False,False,False,False
7C50020030559,False,False,False,True,False,False,False,False,False,False
7C50020030566,False,False,False,False,False,False,True,False,False,False
7C50020030569,False,False,True,False,False,False,True,False,False,False
7C50020030576,False,False,False,True,False,False,False,False,False,False
7C50020030580,False,True,False,False,False,False,False,False,False,False
7C50020030581,False,False,False,False,True,False,False,False,False,False
7C50020030586,False,False,False,False,False,False,True,False,False,False
7C50020030604,False,False,True,False,False,False,False,False,False,False
7C50020030614,False,False,False,True,False,False,False,False,False,False
7C50020030632,False,False,False,False,False,False,True,False,False,False
7C50020030634,False,False,False,False,False,False,True,False,False,False
7C50020030640,False,False,False,True,False,False,False,False,False,False
7C50020030644,False,False,False,True,True,False,False,False,False,False
7C50020030645,False,False,True,False,False,False,False,False,False,False
7C50020030646,False,False,False,True,False,False,False,False,False,False
7C50020030647,False,False,True,False,False,False,False,False,False,False
7C50020030650,False,False,False,True,False,False,False,False,False,False
7C50020030651,True,False,False,False,False,False,False,False,False,False
7C50020030653,False,False,False,True,False,False,False,False,False,False
7C50020030654,False,False,False,False,False,False,True,False,False,False
7C50020030656,False,False,False,False,False,False,True,False,False,False
7C50020030657,False,False,False,True,False,False,False,False,False,False
7C50020030659,False,False,False,False,False,False,True,False,False,False
7C50020030671,False,False,False,False,False,False,True,False,False,False
7C50020030677,False,False,False,False,False,False,True,False,False,False
7C50020030684,False,False,False,False,False,False,True,False,False,False
7C50020030690,False,False,False,True,False,False,False,False,False,False
7C50020030692,False,False,False,False,False,False,True,False,False,False
7C50020030694,False,False,False,False,False,False,True,False,False,False
7C50020030697,False,False,False,True,False,False,False,False,False,False
7C50020030698,False,False,False,True,False,False,False,False,False,False
7C50020030701,True,False,False,False,False,False,False,False,False,False
7C50020030707,False,False,False,False,False,False,True,False,False,False
7C50020030720,False,False,False,True,False,False,False,False,False,False
7C50020030721,True,False,False,False,False,False,False,False,False,False
7C50020030725,False,False,False,False,False,False,True,False,False,False
7C50020030726,False,True,False,False,False,False,False,False,False,False
7C50020030738,False,False,False,False,True,False,False,False,False,False
7C50020030739,False,False,False,False,True,False,False,False,False,False
7C50020030740,False,False,False,False,False,False,True,False,False,False
7C50020030741,False,False,False,False,False,True,False,False,False,False
7C50020030747,False,False,False,False,False,True,False,False,False,False
7C50020030749,False,False,False,False,False,False,True,False,False,False
7C50020030750,False,False,False,True,False,False,False,False,False,False
7C50020030751,False,True,False,False,False,False,True,False,False,False
7C50020030753,False,False,True,False,False,False,False,False,False,False
7C50020030755,False,False,False,False,False,False,True,False,False,False
7C50020030758,False,False,False,False,False,True,False,False,False,False
7C50020030759,False,False,False,False,False,False,True,False,False,False
7C50020030763,False,False,False,True,False,False,False,False,False,False
7C50020030771,False,False,False,False,False,False,True,False,False,False
7C50020030773,False,False,False,True,False,False,False,False,False,False
7C50020030776,False,False,False,True,False,False,False,False,False,False
7C50020030783,False,False,False,False,False,False,True,False,False,False
7C50020030794,False,True,False,False,False,False,False,False,False,False
7C50020030801,False,False,False,True,False,False,False,False,False,False
7C50020030802,False,False,False,False,False,False,True,False,False,False
7C50020030805,False,False,False,False,False,False,True,False,False,False
7C50020030808,False,False,False,False,True,False,False,False,False,False
7C50020030818,False,False,False,False,True,False,False,False,False,False
7C50020030821,False,False,True,False,False,False,False,False,False,False
7C50020030824,False,False,True,False,False,False,True,False,False,False
7C50020030835,False,False,False,False,True,False,False,False,False,False
7C50020030836,False,False,False,True,False,False,False,False,False,False
7C50020030839,False,False,False,False,False,False,True,False,False,False
7C50020030841,False,False,False,True,True,False,False,False,False,False
7C50020030844,False,False,False,True,False,False,False,False,False,False
7C50020030849,False,False,False,True,False,False,False,False,False,False
7C50020030850,False,False,False,True,False,False,False,False,False,False
7C50020030851,False,False,True,False,False,False,False,False,False,False
7C50020030855,False,False,False,True,False,False,False,False,False,False
7C50020030857,False,False,True,False,False,False,False,False,False,False
7C50020030869,False,False,False,False,False,False,True,False,False,False
7C50020030875,False,False,True,False,False,False,False,False,False,False
7C50020030880,False,False,False,False,False,False,True,False,False,False
7C50020030886,False,False,True,False,False,False,False,False,False,False
7C50020030887,False,False,False,False,True,False,True,False,False,False
7C50020030893,False,False,False,False,False,False,True,False,False,False
7C50020030897,False,False,False,False,False,True,False,False,False,False
7C50020030899,False,False,False,False,False,False,True,False,False,False
7C50020030900,False,False,False,True,False,False,False,False,False,False
7C50020030902,False,True,False,False,False,False,False,False,False,False
7C50020030906,False,False,False,False,False,False,True,False,False,False
7C50020030907,False,False,False,True,False,False,False,False,False,False
7C50020030909,True,False,False,False,False,True,True,False,False,False
7C50020030912,False,False,False,False,False,False,True,False,False,False
7C50020030914,False,False,False,False,True,False,False,False,False,False
7C50020030919,False,False,False,False,False,False,True,False,False,False
7C50020030925,False,False,True,False,False,False,False,False,False,False
7C50020030935,False,False,False,True,False,False,True,False,False,False
7C50020030942,False,False,False,False,True,False,True,False,False,False
7C50020030944,False,False,False,True,False,False,False,False,False,False
7C50020030945,False,False,False,False,False,False,True,False,False,False
7C50020030947,False,False,False,False,False,False,True,False,False,False
7C50020030955,False,False,True,False,False,False,False,False,False,False
7C50020030958,False,False,False,False,False,False,True,False,False,False
7C50020030961,False,False,True,False,False,False,False,False,False,False
7C50020030962,False,False,False,True,False,False,False,False,False,False
7C50020030963,False,False,False,True,False,False,True,False,False,False
7C50020030967,False,True,False,True,False,False,False,False,False,False
7C50020030977,False,False,False,False,True,False,False,False,False,False
7C50020030979,False,False,False,False,True,False,False,False,False,False
7C50020030981,False,False,False,True,False,False,False,False,False,False
7C50020030984,False,False,False,True,True,False,False,False,False,False
7C50020030986,False,False,False,False,False,True,False,False,False,False
7C50020030987,False,False,False,False,False,True,False,False,False,False
7C50020030991,False,False,False,True,False,False,False,False,False,False
7C50020030994,False,True,False,False,False,False,False,False,False,False
7C50020031000,False,False,False,True,False,False,False,False,False,False
7C50020031001,False,False,False,True,False,False,False,False,False,False
7C50020031014,False,False,False,True,False,False,False,False,False,False
7C50020031018,False,True,False,False,False,False,False,False,False,False
7C50020031023,False,False,False,False,False,False,True,False,False,False
7C50020031027,False,True,False,False,False,False,False,False,False,False
7C50020031029,True,False,False,True,False,False,False,False,False,False
7C50020031034,True,False,False,False,False,False,False,False,False,False
7C50020031035,False,False,False,True,False,False,False,False,False,False
7C50020031036,False,False,False,False,True,False,False,False,False,False
7C50020031048,False,False,False,False,False,False,True,False,False,False
7C50020031049,False,False,False,False,False,False,True,False,False,False
7C50020031051,False,False,True,False,False,False,False,False,False,False
7C50020031053,False,False,False,False,True,False,False,False,False,False
7C50020031056,False,False,False,True,False,False,False,False,False,False
7C50020031064,False,True,False,False,False,False,False,False,False,False
7C50020031067,False,True,False,False,True,False,False,False,False,False
7C50020031070,False,False,False,False,False,False,True,False,False,False
7C50020031074,False,False,True,False,False,False,False,False,False,False
7C50020031083,False,False,False,False,True,False,True,False,False,False
7C50020031091,False,False,True,False,False,False,False,False,False,False
7C50020031094,False,False,False,True,False,False,False,False,False,False
7C50020031099,True,False,False,False,False,False,False,False,False,False
7C50020031104,False,False,True,False,False,False,False,False,False,False
7C50020031114,False,False,False,False,False,False,True,False,False,False
7C50020031121,False,False,False,False,False,False,True,False,False,False
7C50020031124,False,False,False,True,False,False,False,False,False,False
7C50020031127,False,True,False,False,False,False,False,False,False,False
7C50020031130,False,False,True,False,False,False,False,False,False,False
7C50020031131,False,False,False,False,False,False,True,False,False,False
7C50020031133,False,False,False,False,False,False,True,False,False,False
7C50020031137,False,False,False,True,False,False,False,False,False,False
7C50020031142,False,False,False,False,False,False,True,False,False,False
7C50020031144,False,False,False,False,False,False,True,False,False,False
7C50020031145,False,False,False,False,False,False,True,False,False,False
7C50020031148,False,False,False,False,False,True,True,False,False,False
7C50020031152,False,False,False,True,False,False,False,False,False,False
7C50020031164,False,False,False,False,False,False,False,False,False,True
7C50020031169,False,True,False,False,False,False,False,False,False,False
7C50020031171,False,False,False,True,True,False,False,False,False,False
7C50020031172,False,False,False,False,False,False,True,False,False,False
7C50020031173,True,False,False,False,False,False,False,False,False,False
7C50020031175,False,False,False,True,False,False,False,False,False,False
7C50020031177,False,False,False,False,False,False,True,False,False,False
7C50020031188,False,False,False,False,False,True,False,False,False,False
7C50020031195,False,True,False,False,False,False,False,False,False,False
7C50020031197,False,False,False,True,False,False,False,False,False,False
7C50020031198,False,True,False,False,False,False,False,False,False,False
7C50020031201,False,False,True,False,False,False,False,False,False,False
7C50020031207,True,False,False,False,False,False,False,False,False,False
7C50020031212,False,False,False,True,False,False,False,False,False,False
7C50020031214,True,False,False,True,False,False,False,False,False,False
7C50020031221,False,False,False,True,False,False,True,False,False,False
7C50020031222,False,False,False,False,True,False,False,False,False,False
7C50020031223,False,False,True,False,False,False,False,False,False,False
7C50020031234,False,False,False,True,False,False,False,False,False,False
7C50020031240,True,False,False,False,False,False,False,False,False,False
7C50020031243,False,False,False,True,False,False,False,False,False,False
7C50020031244,True,False,False,False,True,False,False,False,False,False
7C50020031245,True,False,False,False,False,False,False,False,False,False
7C50020031247,False,False,False,True,False,False,False,False,False,False
7C50020031258,False,False,False,False,False,False,True,False,False,False
7C50020031260,False,False,False,False,False,False,True,False,False,False
7C50020031264,False,False,False,True,False,False,False,False,False,False
7C50020031266,False,True,False,False,False,False,False,False,False,False
7C50020031267,False,False,False,False,False,False,True,False,False,False
7C50020031268,False,False,False,False,False,False,True,False,False,False
7C50020031269,False,False,False,False,False,False,True,False,False,False
7C50020031270,False,False,False,False,False,False,True,False,False,False
7C50020031271,True,False,False,False,False,False,False,False,False,False
7C50020031273,False,False,False,True,False,False,False,False,False,False
7C50020031283,False,False,False,False,False,False,True,False,False,False
7C50020031287,True,False,False,False,False,False,False,False,False,False
7C50020031290,False,False,False,True,False,False,False,False,False,False
7C50020031296,True,False,False,False,False,False,False,False,False,False
7C50020031298,False,False,False,True,False,False,False,False,False,False
7C50020031299,False,False,False,False,False,True,False,False,False,False
7C50020031304,False,False,False,True,False,False,False,False,False,False
7C50020031307,False,True,False,False,False,False,False,False,False,False
7C50020031308,False,False,False,False,False,False,True,False,False,False
7C50020031309,False,False,False,True,False,False,False,False,False,False
7C50020031311,False,True,False,False,False,False,False,False,False,False
7C50020031314,False,True,False,True,False,False,False,False,False,False
7C50020031319,False,False,False,True,False,False,False,False,False,False
7C50020031320,False,False,True,False,False,False,False,False,False,False
7C50020031324,True,False,False,False,False,False,False,False,False,False
7C50020031326,False,False,False,True,False,False,False,False,False,False
7C50020031327,False,False,False,True,False,False,False,False,False,False
7C50020031329,False,False,False,True,False,False,False,False,False,False
7C50020031340,False,False,False,True,False,False,False,False,False,False
7C50020031343,False,False,True,False,False,False,False,False,False,False
7C50020031347,False,True,False,False,False,False,False,False,False,False
7C50020031349,False,False,True,False,False,False,False,False,False,False
7C50020031352,False,False,False,False,False,False,True,False,False,False
7C50020031357,False,False,False,False,False,True,False,False,False,False
7C50020031372,False,False,False,False,False,False,True,False,False,False
7C50020031377,False,False,False,False,False,False,True,False,False,False
7C50020031380,False,False,False,False,True,False,False,False,False,False
7C50020031383,True,False,False,False,False,False,False,False,False,False
7C50020031384,False,False,False,False,True,False,False,False,False,False
7C50020031386,False,True,False,False,False,True,True,False,False,False
7C50020031387,False,False,False,False,False,False,True,False,False,False
7C50020031388,False,False,False,False,False,False,True,False,False,False
7C50020031389,False,False,False,False,False,False,True,False,False,False
7C50020031390,True,False,False,False,False,False,False,False,False,False
7C50020031391,False,False,False,False,False,True,False,False,False,False
7C50020031393,False,False,False,False,True,False,False,False,False,False
7C50020031395,False,False,False,False,True,False,False,False,False,False
7C50020031398,False,False,False,False,False,True,False,False,False,False
7C50020031400,False,False,False,False,False,False,True,False,False,False
7C50020031404,False,False,False,False,True,False,False,False,False,False
7C50020031406,False,False,False,True,False,False,False,False,False,False
7C50020031410,False,False,False,False,False,False,True,False,False,False
7C50020031412,False,False,False,False,False,False,True,False,False,False
7C50020031427,False,False,False,False,False,False,True,False,False,False
7C50020031429,False,False,False,False,False,False,True,False,False,False
7C50020031433,False,False,False,True,False,False,True,False,False,False
7C50020031434,False,False,False,False,True,False,False,False,False,False
7C50020031437,False,False,False,False,True,False,False,False,False,False
7C50020031438,False,False,True,False,False,False,False,False,False,False
7C50020031439,False,False,False,True,False,False,False,False,False,False
7C50020031447,False,False,False,False,False,False,True,False,False,False
7C50020031448,False,True,False,False,False,False,False,False,False,False
7C50020031452,False,False,False,False,False,False,False,False,False,True
7C50020031455,False,False,False,False,False,True,True,False,False,False
7C50020031468,False,False,False,False,False,False,True,False,False,False
7C50020031469,True,False,False,False,False,False,False,False,False,False
7C50020031470,False,False,False,False,False,True,False,False,False,False
7C50020031472,False,False,False,True,False,False,False,False,False,False
7C50020031477,False,True,False,False,False,False,False,False,False,False
7C50020031481,False,False,False,False,False,False,True,False,False,False
7C50020031489,False,False,True,False,False,False,False,False,False,False
7C50020031491,False,False,False,False,False,False,True,False,False,False
7C50020031496,False,False,False,False,True,False,False,False,False,False
7C50020031498,False,False,False,False,False,False,True,False,False,False
7C50020031499,False,False,False,True,False,False,False,False,False,False
7C50020031503,False,False,False,True,False,False,False,False,False,False
7C50020031505,False,False,False,False,False,False,True,False,False,False
7C50020031506,False,False,False,True,False,False,False,False,False,False
7C50020031507,False,False,False,False,False,False,True,False,False,False
7C50020031510,False,False,False,False,False,False,True,False,False,False
7C50020031511,False,False,False,True,True,False,False,False,False,False
7C50020031513,False,False,False,False,False,False,True,False,False,False
7C50020031525,False,True,False,False,False,False,False,False,False,False
7C50020031531,False,False,False,False,False,False,True,False,False,False
7C50020031533,False,False,False,False,False,False,True,False,False,False
7C50020031544,False,False,False,True,False,False,False,False,False,False
7C50020031545,False,False,False,False,True,True,False,False,False,False
7C50020031546,False,False,False,False,False,True,False,False,False,False
7C50020031547,False,False,False,False,False,False,True,False,False,False
7C50020031548,False,False,False,False,False,False,True,False,False,False
7C50020031549,False,False,False,False,False,False,True,False,False,False
7C50020031550,False,False,False,False,False,False,True,False,False,False
7C50020031553,False,False,False,False,False,False,True,False,False,False
7C50020031558,False,False,False,False,False,True,False,False,False,False
7C50020031560,False,False,False,False,False,False,True,False,False,False
7C50020031563,False,False,False,True,False,False,False,False,False,False
7C50020031565,False,False,True,False,False,False,False,False,False,False
7C50020031566,False,False,False,False,True,False,False,False,False,False
7C50020031570,False,False,True,False,False,False,False,False,False,False
7C50020031571,False,False,False,False,False,False,True,False,False,False
7C50020031573,False,False,False,True,False,False,False,False,False,False
7C50020031584,True,False,False,False,False,False,False,False,False,False
7C50020031598,False,False,False,False,True,False,False,False,False,False
7C50020031601,False,False,False,True,False,True,True,False,False,False
7C50020031606,False,False,False,False,False,False,True,False,False,False
7C50020031608,False,False,False,False,False,False,False,False,False,True
7C50020031610,True,False,False,False,False,False,False,False,False,False
7C50020031611,False,False,False,False,False,False,True,False,False,False
7C50020031614,False,False,False,True,False,False,False,False,False,False
7C50020031623,False,False,False,True,False,False,False,False,False,False
7C50020031630,False,False,False,True,False,False,False,False,False,False
7C50020031631,False,False,True,False,False,False,False,False,False,False
7C50020031633,True,False,False,False,False,False,False,False,False,False
7C50020031635,False,True,False,False,False,False,False,False,False,False
7C50020031636,False,False,False,False,True,False,False,False,False,False
7C50020031639,False,False,False,False,True,False,False,False,False,False
7C50020031642,False,False,False,False,False,False,True,False,False,False
7C50020031646,False,False,False,True,False,False,False,False,False,False
7C50020031651,True,True,False,False,False,False,False,False,False,False
7C50020031652,False,False,False,True,False,False,False,False,False,False
7C50020031654,False,False,True,False,False,False,False,False,False,False
7C50020031660,False,False,False,False,False,True,True,False,False,False
7C50020031661,False,False,False,False,False,False,True,False,False,False
7C50020031662,False,False,False,True,False,False,False,False,False,False
7C50020031663,False,False,False,False,True,False,False,False,False,False
7C50020031664,False,False,False,False,False,True,True,False,False,False
7C50020031666,False,False,False,False,False,True,True,False,False,False
7C50020031667,False,False,False,False,False,False,True,False,False,False
7C50020031668,False,False,False,True,False,False,False,False,False,False
7C50020031669,False,False,False,False,False,True,True,False,False,False
7C50020031671,False,True,False,False,False,False,False,False,False,False
7C50020031672,False,False,False,False,False,False,True,False,False,False
7C50020031674,False,False,True,False,False,False,True,False,False,False
7C50020031676,False,True,False,False,False,False,False,False,False,False
7C50020031680,False,False,False,False,False,False,True,False,False,False
7C50020031681,False,False,False,False,False,False,True,False,False,False
7C50020031683,False,False,False,True,False,False,False,False,False,False
7C50020031684,False,False,False,False,False,True,False,False,False,False
7C50020031694,True,False,False,False,False,False,False,False,False,False
7C50020031695,False,False,False,True,False,False,False,False,False,False
7C50020031700,False,True,False,False,False,False,False,False,False,False
7C50020031703,False,False,False,True,False,False,False,False,False,False
7C50020031710,False,False,False,True,False,False,False,False,False,False
7C50020031717,False,False,False,True,False,False,False,False,False,False
7C50020031719,False,False,False,False,True,False,False,False,False,False
7C50020031722,False,False,False,False,True,False,False,False,False,False
7C50020031725,False,False,False,False,False,False,True,False,False,False
7C50020031731,False,False,False,False,False,False,True,False,False,False
7C50020031737,False,False,False,True,False,False,False,False,False,False
7C50020031743,False,False,False,False,True,False,False,False,False,False
7C50020031744,False,True,False,False,True,False,False,False,False,False
7C50020031753,False,False,False,False,False,False,False,False,False,True
7C50020031764,False,True,False,False,False,False,False,False,False,False
7C50020031767,False,False,False,True,False,False,True,False,False,False
7C50020031777,False,True,False,False,False,False,False,False,False,False
7C50020031786,False,False,True,False,False,False,False,False,False,False
7C50020031789,False,False,False,True,False,False,False,False,False,False
7C50020031791,False,False,False,True,False,False,False,False,False,False
7C50020031793,False,False,False,False,False,False,False,False,False,True
7C50020031797,True,True,False,False,True,False,False,False,False,False
7C50020031799,False,False,False,False,False,False,True,False,False,False
7C50020031801,False,False,False,False,False,False,True,False,False,False
7C50020031805,False,False,False,True,False,False,False,False,False,False
7C50020031808,False,False,False,True,False,False,False,False,False,False
7C50020031820,False,False,False,False,False,True,False,False,False,False
7C50020031821,False,False,False,False,False,False,True,False,False,False
7C50020031824,False,False,False,False,False,True,False,False,False,False
7C50020031827,False,False,True,False,False,False,True,False,False,False
7C50020031828,False,True,False,False,False,True,True,False,False,False
7C50020031829,False,False,False,True,False,False,True,False,False,False
7C50020031830,True,False,False,False,False,False,True,False,False,False
7C50020031833,False,False,True,False,False,False,False,False,False,False
7C50020031834,False,False,False,False,False,True,False,False,False,False
7C50020031839,False,False,False,False,False,False,True,False,False,False
7C50020031840,False,False,False,True,False,False,False,False,False,False
7C50020031841,False,False,False,False,False,False,True,False,False,False
7C50020031848,False,True,False,False,False,False,False,False,False,False
7C50020031851,False,False,False,True,False,False,False,False,False,True
7C50020031853,False,False,False,True,False,False,False,False,False,False
7C50020031855,False,False,False,False,False,False,True,False,False,False
7C50020031864,True,False,False,False,False,False,False,False,False,False
7C50020031865,False,False,False,True,False,False,False,False,False,False
7C50020031869,False,False,False,False,False,False,True,False,False,False
7C50020031870,False,False,True,True,False,False,False,False,False,False
7C50020031871,False,False,True,False,False,False,False,False,False,False
7C50020031874,False,False,False,False,True,False,False,False,False,False
7C50020031878,False,False,False,True,True,False,False,False,False,False
7C50020031888,False,False,True,False,False,False,False,False,False,False
7C50020031892,False,False,False,False,False,False,True,False,False,False
7C50020031893,False,False,False,False,False,False,True,False,False,False
7C50020031894,False,False,False,False,False,False,True,False,False,False
7C50020031896,False,False,False,False,False,True,False,False,False,False
7C50020031897,False,False,False,False,False,False,True,False,False,False
7C50020031900,False,False,False,False,True,False,False,False,False,False
7C50020031901,False,False,False,False,True,False,False,False,False,False
7C50020031902,False,False,False,False,False,True,False,False,False,False
7C50020031904,False,False,False,True,False,False,False,False,False,False
7C50020031905,False,False,False,True,False,False,False,False,False,False
7C50020031906,True,False,False,False,False,False,False,False,False,False
7C50020031907,False,False,False,False,False,False,True,False,False,False
7C50020031914,False,True,False,False,False,False,False,False,False,False
7C50020031917,False,False,False,False,True,False,False,False,False,False
7C50020031918,False,False,False,False,True,False,False,False,False,False
7C50020031921,False,False,False,False,False,False,True,False,False,False
7C50020031922,False,False,False,False,True,False,True,False,False,False
7C50020031927,False,False,False,False,False,False,True,False,False,False
7C50020031930,False,False,False,True,False,False,False,False,False,False
7C50020031933,True,False,False,False,True,False,False,False,False,False
7C50020031935,False,False,False,True,False,False,False,False,False,False
7C50020031938,False,False,False,True,False,False,False,False,False,False
7C50020031942,False,False,False,False,False,False,True,False,False,False
7C50020031946,True,False,True,False,False,False,False,False,False,False
7C50020031947,False,False,False,True,False,True,True,False,False,False
7C50020031953,False,False,False,False,False,False,True,False,False,False
7C50020031957,False,False,False,True,False,False,False,False,False,False
7C50020031963,True,False,False,False,False,False,True,False,False,False
7C50020031965,True,False,False,True,False,False,True,False,False,False
7C50020031973,False,False,False,False,False,False,True,False,False,False
7C50020031979,False,False,False,False,False,False,True,False,False,False
7C50020031990,False,False,False,True,False,False,False,False,False,False
7C50020031993,False,False,False,False,False,False,True,False,False,False
7C50020031994,False,False,False,True,False,False,False,False,False,False
7C50020032000,False,True,False,False,False,False,False,False,False,False
7C50020032001,False,False,False,False,False,False,True,False,False,False
7C50020032002,False,False,False,True,False,False,False,False,False,False
7C50020032003,False,False,False,False,False,False,True,False,False,False
7C50020032004,False,False,False,False,False,False,True,False,False,False
7C50020032009,False,False,False,False,False,True,True,False,False,False
7C50020032010,False,False,False,False,False,True,False,False,False,False
7C50020032013,False,False,False,False,False,False,True,False,False,False
7C50020032017,False,False,False,True,False,False,True,False,False,False
7C50020032021,False,False,False,False,False,True,False,False,False,False
7C50020032023,False,True,False,False,True,False,False,False,False,False
7C50020032024,False,False,False,True,False,False,False,False,False,False
7C50020032030,False,True,False,False,False,False,False,False,False,False
7C50020032033,False,False,False,False,False,False,True,False,False,False
7C50020032034,False,False,False,False,False,False,True,False,False,False
7C50020032039,True,True,False,False,False,False,False,False,False,False
7C50020032041,False,False,False,True,True,False,False,False,False,False
7C50020032043,True,False,False,False,False,False,False,False,False,False
7C50020032045,False,False,False,True,False,False,False,False,False,False
7C50020032049,False,False,False,False,False,False,True,False,False,False
7C50020032050,True,False,False,False,False,False,False,False,False,False
7C50020032064,False,False,False,False,False,False,True,False,False,False
7C50020032067,False,False,False,False,True,False,False,False,False,False
7C50020032070,False,False,False,False,False,False,True,False,False,False
7C50020032080,False,True,False,True,False,False,False,False,False,False
7C50020032082,False,False,False,False,True,False,False,False,False,False
7C50020032084,False,False,False,False,False,False,True,False,False,False
7C50020032085,False,False,True,False,False,False,False,False,False,False
7C50020032086,False,False,False,True,False,False,False,False,False,False
7C50020032088,False,False,False,True,False,False,False,False,False,False
7C50020032090,False,False,False,True,False,False,False,False,False,False
7C50020032110,False,False,False,False,True,False,False,False,False,False
7C50020032111,False,False,False,False,False,False,True,False,False,False
7C50020032115,True,False,False,False,False,False,False,False,False,False
7C50020032121,False,False,True,False,False,False,False,False,False,False
7C50020032123,False,False,False,False,False,False,True,False,False,False
7C50020032126,True,False,False,True,False,False,False,False,False,False
7C50020032128,True,False,False,False,False,False,False,False,False,False
7C50020032136,False,False,False,False,False,True,True,False,False,False
7C50020032138,False,False,True,False,False,False,False,False,False,False
7C50020032146,False,False,False,True,False,False,False,False,False,False
7C50020032148,False,False,False,False,True,False,False,False,False,False
7C50020032150,False,False,False,False,False,False,False,False,False,True
7C50020032154,False,False,False,False,False,False,True,False,False,False
7C50020032156,False,False,False,True,False,False,False,False,False,False
7C50020032157,False,False,False,True,False,False,False,False,False,False
7C50020032161,False,False,False,True,False,False,False,False,False,False
7C50020032162,False,False,False,True,False,False,False,False,False,False
7C50020032165,True,True,False,False,False,False,False,False,False,False
7C50020032166,False,False,False,False,True,False,False,False,False,False
7C50020032168,False,False,False,False,False,True,False,False,False,False
7C50020032170,False,False,False,False,False,False,True,False,False,False
7C50020032171,False,False,False,False,False,False,True,False,False,False
7C50020032173,False,False,False,False,False,False,True,False,False,False
7C50020032174,False,False,False,False,False,False,True,False,False,False
7C50020032175,False,False,False,False,False,False,True,False,False,False
7C50020032177,False,False,False,True,False,False,False,False,False,False
7C50020032178,False,False,False,False,False,False,True,False,False,False
7C50020032179,False,False,False,False,False,False,True,False,False,False
7C50020032181,False,True,False,True,False,False,True,False,False,False
7C50020032182,False,False,False,True,False,False,False,False,False,False
7C50020032183,False,False,False,False,False,False,True,False,False,False
7C50020032184,False,False,False,True,False,False,True,False,False,False
7C50020032197,False,False,False,False,False,False,True,False,False,False
7C50020032198,False,False,False,False,False,True,False,False,False,False
7C50020032207,True,True,False,False,False,False,False,False,False,False
7C50020032211,False,True,False,False,False,False,False,False,False,False
7C50020032222,True,False,False,False,True,False,False,False,False,False
7C50020032226,False,False,False,False,False,False,True,False,False,False
7C50020032228,False,False,False,False,False,True,False,False,False,False
7C50020032230,False,True,False,False,False,False,False,False,False,False
7C50020032234,True,False,False,False,False,False,False,False,False,False
7C50020032247,False,False,False,True,False,False,False,False,False,False
7C50020032251,False,True,False,False,False,False,False,False,False,False
7C50020032261,False,False,False,False,False,False,True,False,False,False
7C50020032262,False,False,False,False,False,False,True,False,False,False
7C50020032265,False,False,False,False,False,False,True,False,False,False
7C50020032266,False,False,False,False,False,True,False,False,False,False
7C50020032269,False,True,False,True,False,False,False,False,False,False
7C50020032283,False,False,False,True,False,False,False,False,False,False
7C50020032292,False,False,False,False,False,False,True,False,False,False
7C50020032304,False,False,True,False,False,False,False,False,False,False
7C50020032306,False,True,False,False,False,False,False,False,False,False
7C50020032318,False,False,False,False,False,False,True,False,False,False
7C50020032319,False,False,True,False,True,False,False,False,False,False
7C50020032321,False,False,False,True,False,False,False,False,False,False
7C50020032330,False,False,False,True,False,False,False,False,False,False
7C50020032335,False,True,False,False,False,False,True,False,False,False
7C50020032337,True,False,False,False,False,False,False,False,False,False
7C50020032348,False,False,False,False,True,False,False,False,False,False
7C50020032357,False,False,False,False,True,False,False,False,False,False
7C50020032358,False,False,False,False,False,False,True,False,False,False
7C50020032360,False,False,False,True,False,False,False,False,False,False
7C50020032361,False,False,False,False,False,False,False,False,False,True
7C50020032365,False,False,False,False,True,False,False,False,False,False
7C50020032366,False,False,False,True,False,False,False,False,False,False
7C50020032367,False,True,False,False,True,False,False,False,False,False
7C50020032369,False,False,False,True,False,False,False,False,False,False
7C50020032371,False,False,False,False,True,False,False,False,False,False
7C50020032373,True,False,False,True,False,False,False,False,False,False
7C50020032375,False,False,False,False,False,True,True,False,False,False
7C50020032376,False,False,False,False,False,True,True,False,False,False
7C50020032377,False,False,False,True,False,False,False,False,False,False
7C50020032387,False,False,False,False,True,False,False,False,False,False
7C50020032389,False,False,False,False,False,False,False,False,False,True
7C50020032394,False,False,False,False,False,False,True,False,False,False
7C50020032395,False,False,False,False,True,False,False,False,False,False
7C50020032400,False,False,False,True,True,False,False,False,False,False
7C50020032401,False,False,False,True,False,False,False,False,False,False
7C50020032403,False,False,False,False,False,False,True,False,False,False
7C50020032406,False,False,False,False,True,False,False,False,False,False
7C50020032408,False,False,False,False,False,True,True,False,False,False
7C50020032410,False,False,False,False,False,False,True,False,False,False
7C50020032411,False,False,False,False,False,False,True,False,False,False
7C50020032412,False,False,False,False,False,False,True,False,False,False
7C50020032414,False,False,False,False,False,True,True,False,False,False
7C50020032415,False,True,False,False,False,False,False,False,False,False
7C50020032419,True,False,False,False,False,False,True,False,False,False
7C50020032420,False,False,False,False,False,False,True,False,False,False
7C50020032422,False,False,False,False,True,False,False,False,False,False
7C50020032423,False,False,True,False,False,False,True,False,False,False
